Workbook

Sheet DTEN Linkage
A1: No. | B1: date | C1: Request ID | D1: Request | E1: Response
A4: 1 | B4: 46103.061 | C4: ec19e110-c880-4330-ab44-d20bdf567b9f | D4: {LDCMLists={Quantity=0, Register=[]}} | E4: {""LDCMLists"":{""Quantity"":0,""Register"":[]}}
A5: 2 | B5: 46102.409 | C5: a3b86b38-a4de-444c-9269-5fba9b9a3611 | D5: {LDCMLists={Quantity=0, Register=[]}} | E5: {""LDCMLists"":{""Quantity"":0,""Register"":[]}}
A6: 3 | B6: 46102.061 | C6: 2d53b231-e2bb-4ef9-be86-72040b753871 | D6: {LDCMLists={Quantity=164, Register=[{LDCMID=BYC02384, IMEI=860466063177200, ICCID=8966043725100036313, IMSI=520043600654861, ProStatus=PROD, ProDate=20260320173123, SendDate=20260321083211, TypeStatus=OK, NGDate=null, NGRECBY=null, ReplaceSN=null}, {LDCMID=BYC02898, IMEI=860466063181301, ICCID=8966043725100031173, IMSI=520043600654347, ProStatus=PROD, ProDate=20260320173135, SendDate=20260321083211, TypeStatus=OK, NGDate=null, NGRECBY=null, ReplaceSN=null}, {LDCMID=BYC01313, IMEI=860466063180386, ICCID=8966044225100046882, IMSI=520043600661923, ProStatus=PROD, ProDate=20260320173147, SendDate=20260321083211, TypeStatus=OK, NGDate=null, NGRECBY=null, ReplaceSN=null}, {LDCMID=BYC00409, IMEI=860466063155057, ICCID=8966044225100055917, IMSI=520043600662826, ProStatus=PROD, ProDate=20260320173158, SendDate=20260321083211, TypeStatus=OK, NGDate=null, NGRECBY=null, ReplaceSN=null}, {LDCMID=BYC02171, IMEI=860466063106035, ICCID=8966043725100038400, IMSI=520043600655070, ProStatus=PROD, ProDate=20260320173213, SendDate=20260321083211, TypeStatus=OK, NGDate=null, NGRECBY=null, ReplaceSN=null}, {LDCMID=BYC02394, IMEI=860466063106084, ICCID=8966043725100036214, IMSI=520043600654851, ProStatus=PROD, ProDate=20260320173225, SendDate=20260321083211, TypeStatus=OK, NGDate=null, NGRECBY=null, ReplaceSN=null}, {LDCMID=BYC01922, IMEI=860466063090965, ICCID=8966043725100040976, IMSI=520043600655327, ProStatus=PROD, ProDate=20260320173245, SendDate=20260321083211, TypeStatus=OK, NGDate=null, NGRECBY=null, ReplaceSN=null}, {LDCMID=BYC00102, IMEI=860466063106175, ICCID=8966044225100058986, IMSI=520043600663133, ProStatus=PROD, ProDate=20260320173257, SendDate=20260321083211, TypeStatus=OK, NGDate=null, NGRECBY=null, ReplaceSN=null}, {LDCMID=BYC01169, IMEI=860466063090809, ICCID=8966043725100030027, IMSI=520043600654232, ProStatus=PROD, ProDate=20260320173316, SendDate=20260321083211, TypeStatus=OK, NGDate=null, NGRECBY=null, ReplaceSN=null}, {LDCMID=BYC00264, IMEI=860466063193199, ICCID=8966044225100057350, IMSI=520043600662970, ProStatus=PROD, ProDate=20260320173330, SendDate=20260321083211, TypeStatus=OK, NGDate=null, NGRECBY=null, ReplaceSN=null}, {LDCMID=BYC02578, IMEI=860466063145371, ICCID=8966043725100034391, IMSI=520043600654669, ProStatus=PROD, ProDate=20260320173430, SendDate=20260321083211, TypeStatus=OK, NGDate=null, NGRECBY=null, ReplaceSN=null}, {LDCMID=BYC02950, IMEI=860466063173977, ICCID=8966043725100030654, IMSI=520043600654295, ProStatus=PROD, ProDate=20260320173442, SendDate=20260321083211, TypeStatus=OK, NGDate=null, NGRECBY=null, ReplaceSN=null}, {LDCMID=BYC00002, IMEI=860466063148771, ICCID=8966044225100059984, IMSI=520043600663233, ProStatus=PROD, ProDate=20260320173454, SendDate=20260321083211, TypeStatus=OK, NGDate=null, NGRECBY=null, ReplaceSN=null}, {LDCMID=BYC02460, IMEI=860466063148631, ICCID=8966043725100035554, IMSI=520043600654785, ProStatus=PROD, ProDate=20260320173505, SendDate=20260321083211, TypeStatus=OK, NGDate=null, NGRECBY=null, ReplaceSN=null}, {LDCMID=BYC02919, IMEI=860466063175543, ICCID=8966043725100030944, IMSI=520043600654324, ProStatus=PROD, ProDate=20260320173519, SendDate=20260321083211, TypeStatus=OK, NGDate=null, NGRECBY=null, ReplaceSN=null}, {LDCMID=BYC02487, IMEI=860466063148615, ICCID=8966043725100035265, IMSI=520043600654756, ProStatus=PROD, ProDate=20260320173535, SendDate=20260321083211, TypeStatus=OK, NGDate=null, NGRECBY=null, ReplaceSN=null}, {LDCMID=BYC02721, IMEI=860466063145306, ICCID=8966043725100032924, IMSI=520043600654522, ProStatus=PROD, ProDate=20260320173554, SendDate=20260321083211, TypeStatus=OK, NGDate=null, NGRECBY=null, ReplaceSN=null}, {LDCMID=BYC00467, IMEI=860466063145405, ICCID=8966044225100055339, IMSI=520043600662768, ProStatus=PROD, ProDate=20260320173610, SendDate=20260321083211, TypeStatus=OK, NGDate=null, NGRECBY=null, ReplaceSN=null}, {LDCMID=BYC02561, IMEI=860466063172706, ICCID=8966043725100034540, IMSI=520043600654684, ProStatus=PROD, ProDate=20260320173623, SendDate=20260321083211, TypeStatus=OK, NGDate=null, NGRECBY=null, ReplaceSN=null}, {LDCMID=BYC02892, IMEI=860466063172821, ICCID=8966043725100031231, IMSI=520043600654353, ProStatus=PROD, ProDate=20260320173638, SendDate=20260321083211, TypeStatus=OK, NGDate=null, NGRECBY=null, ReplaceSN=null}, {LDCMID=B0203345, IMEI=860466063287074, ICCID=8966044925100032564, IMSI=520043600675491, ProStatus=PROD, ProDate=20260320173851, SendDate=20260321083211, TypeStatus=OK, NGDate=null, NGRECBY=null, ReplaceSN=null}, {LDCMID=B0201140, IMEI=860466063269916, ICCID=8966044925100054618, IMSI=520043600677696, ProStatus=PROD, ProDate=20260320173906, SendDate=20260321083211, TypeStatus=OK, NGDate=null, NGRECBY=null, ReplaceSN=null}, {LDCMID=B0201789, IMEI=860466063288270, ICCID=8966044925100048107, IMSI=520043600677045, ProStatus=PROD, ProDate=20260320173922, SendDate=20260321083211, TypeStatus=OK, NGDate=null, NGRECBY=null, ReplaceSN=null}, {LDCMID=B0201257, IMEI=860466063270021, ICCID=8966044925100053420, IMSI=520043600677577, ProStatus=PROD, ProDate=20260320173935, SendDate=20260321083211, TypeStatus=OK, NGDate=null, NGRECBY=null, ReplaceSN=null}, {LDCMID=B0201882, IMEI=860466063288460, ICCID=8966044925100047190, IMSI=520043600676954, ProStatus=PROD, ProDate=20260320173951, SendDate=20260321083211, TypeStatus=OK, NGDate=null, NGRECBY=null, ReplaceSN=null}, {LDCMID=B0203267, IMEI=860466063288577, ICCID=8966044925100033349, IMSI=520043600675569, ProStatus=PROD, ProDate=20260320174009, SendDate=20260321083211, TypeStatus=OK, NGDate=null, NGRECBY=null, ReplaceSN=null}, {LDCMID=B0201685, IMEI=860466063270047, ICCID=8966044925100049147, IMSI=520043600677149, ProStatus=PROD, ProDate=20260320174023, SendDate=20260321083211, TypeStatus=OK, NGDate=null, NGRECBY=null, ReplaceSN=null}, {LDCMID=B0202117, IMEI=860466063270005, ICCID=8966044925100044841, IMSI=520043600676719, ProStatus=PROD, ProDate=20260320174034, SendDate=20260321083211, TypeStatus=OK, NGDate=null, NGRECBY=null, ReplaceSN=null}, {LDCMID=B0201669, IMEI=860466063288601, ICCID=8966044925100049303, IMSI=520043600677165, ProStatus=PROD, ProDate=20260320174047, SendDate=20260321083211, TypeStatus=OK, NGDate=null, NGRECBY=null, ReplaceSN=null}, {LDCMID=B0201623, IMEI=860466063288585, ICCID=8966044925100049766, IMSI=520043600677211, ProStatus=PROD, ProDate=20260320174101, SendDate=20260321083211, TypeStatus=OK, NGDate=null, NGRECBY=null, ReplaceSN=null}, {LDCMID=B0202905, IMEI=860466063269544, ICCID=8966044925100036946, IMSI=520043600675929, ProStatus=PROD, ProDate=20260320182511, SendDate=20260321083211, TypeStatus=OK, NGDate=null, NGRECBY=null, ReplaceSN=null}, {LDCMID=B0202624, IMEI=860466063287207, ICCID=8966044925100039791, IMSI=520043600676214, ProStatus=PROD, ProDate=20260320182529, SendDate=20260321083211, TypeStatus=OK, NGDate=null, NGRECBY=null, ReplaceSN=null}, {LDCMID=B0202995, IMEI=860466063268827, ICCID=8966044925100036045, IMSI=520043600675839, ProStatus=PROD, ProDate=20260320182544, SendDate=20260321083211, TypeStatus=OK, NGDate=null, NGRECBY=null, ReplaceSN=null}, {LDCMID=B0200626, IMEI=860466063268488, ICCID=8966044925100059740, IMSI=520043600678209, ProStatus=PROD, ProDate=20260320182556, SendDate=20260321083211, TypeStatus=OK, NGDate=null, NGRECBY=null, ReplaceSN=null}, {LDCMID=B0203304, IMEI=860466063268819, ICCID=8966044925100032994, IMSI=520043600675534, ProStatus=PROD, ProDate=20260320182608, SendDate=20260321083211, TypeStatus=OK, NGDate=null, NGRECBY=null, ReplaceSN=null}, {LDCMID=B0200915, IMEI=860466063268777, ICCID=8966044925100056878, IMSI=520043600677922, ProStatus=PROD, ProDate=20260320182622, SendDate=20260321083211, TypeStatus=OK, NGDate=null, NGRECBY=null, ReplaceSN=null}, {LDCMID=B0203349, IMEI=860466063287165, ICCID=8966044925100032523, IMSI=520043600675487, ProStatus=PROD, ProDate=20260320182636, SendDate=20260321083211, TypeStatus=OK, NGDate=null, NGRECBY=null, ReplaceSN=null}, {LDCMID=B0203262, IMEI=860466063287249, ICCID=8966044925100033414, IMSI=520043600675576, ProStatus=PROD, ProDate=20260320182649, SendDate=20260321083211, TypeStatus=OK, NGDate=null, NGRECBY=null, ReplaceSN=null}, {LDCMID=B0203061, IMEI=860466063287173, ICCID=8966044925100035401, IMSI=520043600675775, ProStatus=PROD, ProDate=20260320182704, SendDate=20260321083211, TypeStatus=OK, NGDate=null, NGRECBY=null, ReplaceSN=null}, {LDCMID=B0200724, IMEI=860466063268751, ICCID=8966044925100058767, IMSI=520043600678111, ProStatus=PROD, ProDate=20260320182716, SendDate=20260321083211, TypeStatus=OK, NGDate=null, NGRECBY=null, ReplaceSN=null}, {LDCMID=B0201210, IMEI=860466063287710, ICCID=8966044925100053917, IMSI=520043600677626, ProStatus=PROD, ProDate=20260320182809, SendDate=20260321083211, TypeStatus=OK, NGDate=null, NGRECBY=null, ReplaceSN=null}, {LDCMID=B0201867, IMEI=860466063267977, ICCID=8966044925100047323, IMSI=520043600676967, ProStatus=PROD, ProDate=20260320182822, SendDate=20260321083211, TypeStatus=OK, NGDate=null, NGRECBY=null, ReplaceSN=null}, {LDCMID=B0202119, IMEI=860466063287678, ICCID=8966044925100044825, IMSI=520043600676717, ProStatus=PROD, ProDate=20260320182835, SendDate=20260321083211, TypeStatus=OK, NGDate=null, NGRECBY=null, ReplaceSN=null}, {LDCMID=B0202884, IMEI=860466063287645, ICCID=8966044925100037175, IMSI=520043600675952, ProStatus=PROD, ProDate=20260320182904, SendDate=20260321083211, TypeStatus=OK, NGDate=null, NGRECBY=null, ReplaceSN=null}, {LDCMID=B0201839, IMEI=860466063287603, ICCID=8966044925100047604, IMSI=520043600676995, ProStatus=PROD, ProDate=20260320182917, SendDate=20260321083211, TypeStatus=OK, NGDate=null, NGRECBY=null, ReplaceSN=null}, {LDCMID=B0202090, IMEI=860466063269221, ICCID=8966044925100045137, IMSI=520043600676748, ProStatus=PROD, ProDate=20260320182929, SendDate=20260321083211, TypeStatus=OK, NGDate=null, NGRECBY=null, ReplaceSN=null}, {LDCMID=B0201840, IMEI=860466063269213, ICCID=8966044925100047612, IMSI=520043600676996, ProStatus=PROD, ProDate=20260320182945, SendDate=20260321083211, TypeStatus=OK, NGDate=null, NGRECBY=null, ReplaceSN=null}, {LDCMID=B0203287, IMEI=860466063287629, ICCID=8966044925100033141, IMSI=520043600675549, ProStatus=PROD, ProDate=20260320182957, SendDate=20260321083211, TypeStatus=OK, NGDate=null, NGRECBY=null, ReplaceSN=null}, {LDCMID=B0201160, IMEI=860466063287702, ICCID=8966044925100054410, IMSI=520043600677676, ProStatus=PROD, ProDate=20260320183011, SendDate=20260321083211, TypeStatus=OK, NGDate=null, NGRECBY=null, ReplaceSN=null}, {LDCMID=B0202825, IMEI=860466063287652, ICCID=8966044925100037746, IMSI=520043600676009, ProStatus=PROD, ProDate=20260320183024, SendDate=20260321083211, TypeStatus=OK, NGDate=null, NGRECBY=null, ReplaceSN=null}, {LDCMID=B0202842, IMEI=860466063269262, ICCID=8966044925100037597, IMSI=520043600675994, ProStatus=PROD, ProDate=20260320183114, SendDate=20260321083211, TypeStatus=OK, NGDate=null, NGRECBY=null, ReplaceSN=null}, {LDCMID=B0202097, IMEI=860466063287694, ICCID=8966044925100045046, IMSI=520043600676739, ProStatus=PROD, ProDate=20260320183131, SendDate=20260321083211, TypeStatus=OK, NGDate=null, NGRECBY=null, ReplaceSN=null}, {LDCMID=B0202636, IMEI=860466063269197, ICCID=8966044925100039676, IMSI=520043600676202, ProStatus=PROD, ProDate=20260320183143, SendDate=20260321083211, TypeStatus=OK, NGDate=null, NGRECBY=null, ReplaceSN=null}, {LDCMID=B0201341, IMEI=860466063287660, ICCID=8966044925100052588, IMSI=520043600677493, ProStatus=PROD, ProDate=20260320183154, SendDate=20260321083211, TypeStatus=OK, NGDate=null, NGRECBY=null, ReplaceSN=null}, {LDCMID=B0202139, IMEI=860466063269239, ICCID=8966044925100044643, IMSI=520043600676699, ProStatus=PROD, ProDate=20260320183206, SendDate=20260321083211, TypeStatus=OK, NGDate=null, NGRECBY=null, ReplaceSN=null}, {LDCMID=B0202982, IMEI=860466063287371, ICCID=8966044925100036193, IMSI=520043600675854, ProStatus=PROD, ProDate=20260320183221, SendDate=20260321083211, TypeStatus=OK, NGDate=null, NGRECBY=null, ReplaceSN=null}, {LDCMID=B0201956, IMEI=860466063269270, ICCID=8966044925100046457, IMSI=520043600676880, ProStatus=PROD, ProDate=20260320183239, SendDate=20260321083211, TypeStatus=OK, NGDate=null, NGRECBY=null, ReplaceSN=null}, {LDCMID=B0202869, IMEI=860466063287454, ICCID=8966044925100037308, IMSI=520043600675965, ProStatus=PROD, ProDate=20260320183251, SendDate=20260321083211, TypeStatus=OK, NGDate=null, NGRECBY=null, ReplaceSN=null}, {LDCMID=B0203177, IMEI=860466063287595, ICCID=8966044925100034248, IMSI=520043600675659, ProStatus=PROD, ProDate=20260320183304, SendDate=20260321083211, TypeStatus=OK, NGDate=null, NGRECBY=null, ReplaceSN=null}, {LDCMID=B0200383, IMEI=860466063270450, ICCID=8966044925100073832, IMSI=520043600679618, ProStatus=PROD, ProDate=20260320183318, SendDate=20260321083211, TypeStatus=OK, NGDate=null, NGRECBY=null, ReplaceSN=null}, {LDCMID=B0202895, IMEI=860466063286993, ICCID=8966044925100037043, IMSI=520043600675939, ProStatus=PROD, ProDate=20260320183417, SendDate=20260321083211, TypeStatus=OK, NGDate=null, NGRECBY=null, ReplaceSN=null}, {LDCMID=B0202717, IMEI=860466063287033, ICCID=8966044925100038843, IMSI=520043600676119, ProStatus=PROD, ProDate=20260320183428, SendDate=20260321083211, TypeStatus=OK, NGDate=null, NGRECBY=null, ReplaceSN=null}, {LDCMID=B0202389, IMEI=860466063268686, ICCID=8966044925100042100, IMSI=520043600676445, ProStatus=PROD, ProDate=20260320183441, SendDate=20260321083211, TypeStatus=OK, NGDate=null, NGRECBY=null, ReplaceSN=null}, {LDCMID=B0203101, IMEI=860466063287116, ICCID=8966044925100035005, IMSI=520043600675735, ProStatus=PROD, ProDate=20260320183456, SendDate=20260321083211, TypeStatus=OK, NGDate=null, NGRECBY=null, ReplaceSN=null}, {LDCMID=B0202089, IMEI=860466063269254, ICCID=8966044925100045129, IMSI=520043600676747, ProStatus=PROD, ProDate=20260320183508, SendDate=20260321083211, TypeStatus=OK, NGDate=null, NGRECBY=null, ReplaceSN=null}, {LDCMID=B0201419, IMEI=860466063268652, ICCID=8966044925100051804, IMSI=520043600677415, ProStatus=PROD, ProDate=20260320183521, SendDate=20260321083211, TypeStatus=OK, NGDate=null, NGRECBY=null, ReplaceSN=null}, {LDCMID=B0202506, IMEI=860466063287017, ICCID=8966044925100040955, IMSI=520043600676330, ProStatus=PROD, ProDate=20260320183533, SendDate=20260321083211, TypeStatus=OK, NGDate=null, NGRECBY=null, ReplaceSN=null}, {LDCMID=B0202975, IMEI=860466063268629, ICCID=8966044925100036243, IMSI=520043600675859, ProStatus=PROD, ProDate=20260320183558, SendDate=20260321083211, TypeStatus=OK, NGDate=null, NGRECBY=null, ReplaceSN=null}, {LDCMID=B0203310, IMEI=860466063268694, ICCID=8966044925100032937, IMSI=520043600675528, ProStatus=PROD, ProDate=20260320183611, SendDate=20260321083211, TypeStatus=OK, NGDate=null, NGRECBY=null, ReplaceSN=null}, {LDCMID=B0201552, IMEI=860466063268223, ICCID=8966044925100050491, IMSI=520043600677284, ProStatus=PROD, ProDate=20260320183630, SendDate=20260321083211, TypeStatus=OK, NGDate=null, NGRECBY=null, ReplaceSN=null}, {LDCMID=B0200731, IMEI=860466063268926, ICCID=8966044925100058676, IMSI=520043600678102, ProStatus=PROD, ProDate=20260320183954, SendDate=20260321083211, TypeStatus=OK, NGDate=null, NGRECBY=null, ReplaceSN=null}, {LDCMID=B0201093, IMEI=860466063287223, ICCID=8966044925100055060, IMSI=520043600677741, ProStatus=PROD, ProDate=20260320184006, SendDate=20260321083211, TypeStatus=OK, NGDate=null, NGRECBY=null, ReplaceSN=null}, {LDCMID=B0201902, IMEI=860466063287439, ICCID=8966044925100046994, IMSI=520043600676934, ProStatus=PROD, ProDate=20260320184018, SendDate=20260321083211, TypeStatus=OK, NGDate=null, NGRECBY=null, ReplaceSN=null}, {LDCMID=B0203163, IMEI=860466063268835, ICCID=8966044925100034388, IMSI=520043600675673, ProStatus=PROD, ProDate=20260320184029, SendDate=20260321083211, TypeStatus=OK, NGDate=null, NGRECBY=null, ReplaceSN=null}, {LDCMID=B0201376, IMEI=860466063286829, ICCID=8966044925100052257, IMSI=520043600677460, ProStatus=PROD, ProDate=20260320184041, SendDate=20260321083211, TypeStatus=OK, NGDate=null, NGRECBY=null, ReplaceSN=null}, {LDCMID=B0202858, IMEI=860466063268066, ICCID=8966044925100037431, IMSI=520043600675978, ProStatus=PROD, ProDate=20260320184057, SendDate=20260321083211, TypeStatus=OK, NGDate=null, NGRECBY=null, ReplaceSN=null}, {LDCMID=B0201150, IMEI=860466063268157, ICCID=8966044925100054519, IMSI=520043600677686, ProStatus=PROD, ProDate=20260320184114, SendDate=20260321083211, TypeStatus=OK, NGDate=null, NGRECBY=null, ReplaceSN=null}, {LDCMID=B0200954, IMEI=860466063268199, ICCID=8966044925100056530, IMSI=520043600677888, ProStatus=PROD, ProDate=20260320184127, SendDate=20260321083211, TypeStatus=OK, NGDate=null, NGRECBY=null, ReplaceSN=null}, {LDCMID=B0202749, IMEI=860466063286563, ICCID=8966044925100038520, IMSI=520043600676087, ProStatus=PROD, ProDate=20260320184142, SendDate=20260321083211, TypeStatus=OK, NGDate=null, NGRECBY=null, ReplaceSN=null}, {LDCMID=B0202663, IMEI=860466063286555, ICCID=8966044925100039387, IMSI=520043600676173, ProStatus=PROD, ProDate=20260320184158, SendDate=20260321083211, TypeStatus=OK, NGDate=null, NGRECBY=null, ReplaceSN=null}, {LDCMID=B0201624, IMEI=860466063286621, ICCID=8966044925100049774, IMSI=520043600677212, ProStatus=PROD, ProDate=20260320184250, SendDate=20260321083211, TypeStatus=OK, NGDate=null, NGRECBY=null, ReplaceSN=null}, {LDCMID=B0201903, IMEI=860466063268041, ICCID=8966044925100046960, IMSI=520043600676931, ProStatus=PROD, ProDate=20260320184302, SendDate=20260321083211, TypeStatus=OK, NGDate=null, NGRECBY=null, ReplaceSN=null}, {LDCMID=B0201888, IMEI=860466063268108, ICCID=8966044925100047133, IMSI=520043600676948, ProStatus=PROD, ProDate=20260320184314, SendDate=20260321083211, TypeStatus=OK, NGDate=null, NGRECBY=null, ReplaceSN=null}, {LDCMID=B0201723, IMEI=860466063286548, ICCID=8966044925100048768, IMSI=520043600677111, ProStatus=PROD, ProDate=20260320184329, SendDate=20260321083211, TypeStatus=OK, NGDate=null, NGRECBY=null, ReplaceSN=null}, {LDCMID=B0203172, IMEI=860466063286571, ICCID=8966044925100034313, IMSI=520043600675666, ProStatus=PROD, ProDate=20260320184341, SendDate=20260321083211, TypeStatus=OK, NGDate=null, NGRECBY=null, ReplaceSN=null}, {LDCMID=B0200388, IMEI=860466063288908, ICCID=8966044925100073808, IMSI=520043600679615, ProStatus=PROD, ProDate=20260320184358, SendDate=20260321083211, TypeStatus=OK, NGDate=null, NGRECBY=null, ReplaceSN=null}, {LDCMID=B0200281, IMEI=860466063270526, ICCID=8966044925100074855, IMSI=520043600679720, ProStatus=PROD, ProDate=20260320184411, SendDate=20260321083211, TypeStatus=OK, NGDate=null, NGRECBY=null, ReplaceSN=null}, {LDCMID=B0200369, IMEI=860466063270500, ICCID=8966044925100073972, IMSI=520043600679632, ProStatus=PROD, ProDate=20260320184425, SendDate=20260321083211, TypeStatus=OK, NGDate=null, NGRECBY=null, ReplaceSN=null}, {LDCMID=B0201665, IMEI=860466063270229, ICCID=8966044925100049345, IMSI=520043600677169, ProStatus=PROD, ProDate=20260320184442, SendDate=20260321083211, TypeStatus=OK, NGDate=null, NGRECBY=null, ReplaceSN=null}, {LDCMID=B0202883, IMEI=860466063288940, ICCID=8966044925100037167, IMSI=520043600675951, ProStatus=PROD, ProDate=20260320184456, SendDate=20260321083211, TypeStatus=OK, NGDate=null, NGRECBY=null, ReplaceSN=null}, {LDCMID=B0201138, IMEI=860466063268090, ICCID=8966044925100054634, IMSI=520043600677698, ProStatus=PROD, ProDate=20260320184607, SendDate=20260321083211, TypeStatus=OK, NGDate=null, NGRECBY=null, ReplaceSN=null}, {LDCMID=B0203022, IMEI=860466063286589, ICCID=8966044925100035799, IMSI=520043600675814, ProStatus=PROD, ProDate=20260320184619, SendDate=20260321083211, TypeStatus=OK, NGDate=null, NGRECBY=null, ReplaceSN=null}, {LDCMID=B0201361, IMEI=860466063268215, ICCID=8966044925100052380, IMSI=520043600677473, ProStatus=PROD, ProDate=20260320184630, SendDate=20260321083211, TypeStatus=OK, NGDate=null, NGRECBY=null, ReplaceSN=null}, {LDCMID=B0203247, IMEI=860466063286530, ICCID=8966044925100033547, IMSI=520043600675589, ProStatus=PROD, ProDate=20260320184645, SendDate=20260321083211, TypeStatus=OK, NGDate=null, NGRECBY=null, ReplaceSN=null}, {LDCMID=B0203019, IMEI=860466063286498, ICCID=8966044925100035807, IMSI=520043600675815, ProStatus=PROD, ProDate=20260320184701, SendDate=20260321083211, TypeStatus=OK, NGDate=null, NGRECBY=null, ReplaceSN=null}, {LDCMID=B0200065, IMEI=860466063286407, ICCID=8966044925100077650, IMSI=520043600680000, ProStatus=PROD, ProDate=20260320184713, SendDate=20260321083211, TypeStatus=OK, NGDate=null, NGRECBY=null, ReplaceSN=null}, {LDCMID=B0202942, IMEI=860466063286613, ICCID=8966044925100036599, IMSI=520043600675894, ProStatus=PROD, ProDate=20260320184730, SendDate=20260321083211, TypeStatus=OK, NGDate=null, NGRECBY=null, ReplaceSN=null}, {LDCMID=B0202738, IMEI=860466063286522, ICCID=8966044925100038652, IMSI=520043600676100, ProStatus=PROD, ProDate=20260320184742, SendDate=20260321083211, TypeStatus=OK, NGDate=null, NGRECBY=null, ReplaceSN=null}, {LDCMID=B0101680, IMEI=860466063268140, ICCID=8966044225100073233, IMSI=520043600664558, ProStatus=PROD, ProDate=20260320184756, SendDate=20260321083211, TypeStatus=OK, NGDate=null, NGRECBY=null, ReplaceSN=null}, {LDCMID=B0203238, IMEI=860466063286605, ICCID=8966044925100033653, IMSI=520043600675600, ProStatus=PROD, ProDate=20260320184813, SendDate=20260321083211, TypeStatus=OK, NGDate=null, NGRECBY=null, ReplaceSN=null}, {LDCMID=B0202176, IMEI=860466063287959, ICCID=8966044925100044296, IMSI=520043600676664, ProStatus=PROD, ProDate=20260320184903, SendDate=20260321083211, TypeStatus=OK, NGDate=null, NGRECBY=null, ReplaceSN=null}, {LDCMID=B0202903, IMEI=860466063287736, ICCID=8966044925100036961, IMSI=520043600675931, ProStatus=PROD, ProDate=20260320184916, SendDate=20260321083211, TypeStatus=OK, NGDate=null, NGRECBY=null, ReplaceSN=null}, {LDCMID=B0202099, IMEI=860466063287744, ICCID=8966044925100045020, IMSI=520043600676737, ProStatus=PROD, ProDate=20260320184927, SendDate=20260321083211, TypeStatus=OK, NGDate=null, NGRECBY=null, ReplaceSN=null}, {LDCMID=B0201554, IMEI=860466063269551, ICCID=8966044925100050475, IMSI=520043600677282, ProStatus=PROD, ProDate=20260320184940, SendDate=20260321083211, TypeStatus=OK, NGDate=null, NGRECBY=null, ReplaceSN=null}, {LDCMID=B0200396, IMEI=860466063287975, ICCID=8966044925100073725, IMSI=520043600679607, ProStatus=PROD, ProDate=20260320184956, SendDate=20260321083211, TypeStatus=OK, NGDate=null, NGRECBY=null, ReplaceSN=null}, {LDCMID=B0201493, IMEI=860466063268983, ICCID=8966044925100051069, IMSI=520043600677341, ProStatus=PROD, ProDate=20260320185008, SendDate=20260321083211, TypeStatus=OK, NGDate=null, NGRECBY=null, ReplaceSN=null}, {LDCMID=B0202912, IMEI=860466063269486, ICCID=8966044925100036896, IMSI=520043600675924, ProStatus=PROD, ProDate=20260320185025, SendDate=20260321083211, TypeStatus=OK, NGDate=null, NGRECBY=null, ReplaceSN=null}, {LDCMID=B0203040, IMEI=860466063269478, ICCID=8966044925100030030, IMSI=520043600675238, ProStatus=PROD, ProDate=20260320185038, SendDate=20260321083211, TypeStatus=OK, NGDate=null, NGRECBY=null, ReplaceSN=null}, {LDCMID=B0201223, IMEI=860466063287991, ICCID=8966044925100053768, IMSI=520043600677611, ProStatus=PROD, ProDate=20260320185051, SendDate=20260321083211, TypeStatus=OK, NGDate=null, NGRECBY=null, ReplaceSN=null}, {LDCMID=B0202850, IMEI=860466063287082, ICCID=8966044925100037514, IMSI=520043600675986, ProStatus=PROD, ProDate=20260320185106, SendDate=20260321083211, TypeStatus=OK, NGDate=null, NGRECBY=null, ReplaceSN=null}, {LDCMID=B0202988, IMEI=860466063269007, ICCID=8966044925100036136, IMSI=520043600675848, ProStatus=PROD, ProDate=20260320185503, SendDate=20260321083211, TypeStatus=OK, NGDate=null, NGRECBY=null, ReplaceSN=null}, {LDCMID=B0201250, IMEI=860466063287298, ICCID=8966044925100053511, IMSI=520043600677586, ProStatus=PROD, ProDate=20260320185517, SendDate=20260321083211, TypeStatus=OK, NGDate=null, NGRECBY=null, ReplaceSN=null}, {LDCMID=B0202951, IMEI=860466063268843, ICCID=8966044925100036482, IMSI=520043600675883, ProStatus=PROD, ProDate=20260320185529, SendDate=20260321083211, TypeStatus=OK, NGDate=null, NGRECBY=null, ReplaceSN=null}, {LDCMID=B0202513, IMEI=860466063287272, ICCID=8966044925100040864, IMSI=520043600676321, ProStatus=PROD, ProDate=20260320185544, SendDate=20260321083211, TypeStatus=OK, NGDate=null, NGRECBY=null, ReplaceSN=null}, {LDCMID=B0203296, IMEI=860466063287447, ICCID=8966044925100033075, IMSI=520043600675542, ProStatus=PROD, ProDate=20260320185557, SendDate=20260321083211, TypeStatus=OK, NGDate=null, NGRECBY=null, ReplaceSN=null}, {LDCMID=B0201149, IMEI=860466063287538, ICCID=8966044925100054501, IMSI=520043600677685, ProStatus=PROD, ProDate=20260320185614, SendDate=20260321083211, TypeStatus=OK, NGDate=null, NGRECBY=null, ReplaceSN=null}, {LDCMID=B0202220, IMEI=860466063287561, ICCID=8966044925100043819, IMSI=520043600676616, ProStatus=PROD, ProDate=20260320185628, SendDate=20260321083211, TypeStatus=OK, NGDate=null, NGRECBY=null, ReplaceSN=null}, {LDCMID=B0202836, IMEI=860466063287520, ICCID=8966044925100037654, IMSI=520043600676000, ProStatus=PROD, ProDate=20260320185641, SendDate=20260321083211, TypeStatus=OK, NGDate=null, NGRECBY=null, ReplaceSN=null}, {LDCMID=B0202664, IMEI=860466063287579, ICCID=8966044925100039395, IMSI=520043600676174, ProStatus=PROD, ProDate=20260320185700, SendDate=20260321083211, TypeStatus=OK, NGDate=null, NGRECBY=null, ReplaceSN=null}, {LDCMID=B0202250, IMEI=860466063287546, ICCID=8966044925100043512, IMSI=520043600676586, ProStatus=PROD, ProDate=20260320185714, SendDate=20260321083211, TypeStatus=OK, NGDate=null, NGRECBY=null, ReplaceSN=null}, {LDCMID=B0202213, IMEI=860466063269106, ICCID=8966044925100043868, IMSI=520043600676621, ProStatus=PROD, ProDate=20260320185815, SendDate=20260321083211, TypeStatus=OK, NGDate=null, NGRECBY=null, ReplaceSN=null}, {LDCMID=B0201537, IMEI=860466063269098, ICCID=8966044925100050624, IMSI=520043600677297, ProStatus=PROD, ProDate=20260320185827, SendDate=20260321083211, TypeStatus=OK, NGDate=null, NGRECBY=null, ReplaceSN=null}, {LDCMID=B0203213, IMEI=860466063287512, ICCID=8966044925100033885, IMSI=520043600675623, ProStatus=PROD, ProDate=20260320185838, SendDate=20260321083211, TypeStatus=OK, NGDate=null, NGRECBY=null, ReplaceSN=null}, {LDCMID=B0201684, IMEI=860466063268942, ICCID=8966044925100049170, IMSI=520043600677152, ProStatus=PROD, ProDate=20260320185851, SendDate=20260321083211, TypeStatus=OK, NGDate=null, NGRECBY=null, ReplaceSN=null}, {LDCMID=B0201500, IMEI=860466063287637, ICCID=8966044925100051010, IMSI=520043600677336, ProStatus=PROD, ProDate=20260320185903, SendDate=20260321083211, TypeStatus=OK, NGDate=null, NGRECBY=null, ReplaceSN=null}, {LDCMID=B0203590, IMEI=860466063269171, ICCID=8966044925100030139, IMSI=520043600675248, ProStatus=PROD, ProDate=20260320185919, SendDate=20260321083211, TypeStatus=OK, NGDate=null, NGRECBY=null, ReplaceSN=null}, {LDCMID=B0203206, IMEI=860466063269163, ICCID=8966044925100033976, IMSI=520043600675632, ProStatus=PROD, ProDate=20260320185932, SendDate=20260321083211, TypeStatus=OK, NGDate=null, NGRECBY=null, ReplaceSN=null}, {LDCMID=B0202892, IMEI=860466063269080, ICCID=8966044925100037092, IMSI=520043600675944, ProStatus=PROD, ProDate=20260320185946, SendDate=20260321083211, TypeStatus=OK, NGDate=null, NGRECBY=null, ReplaceSN=null}, {LDCMID=B0203176, IMEI=860466063269064, ICCID=8966044925100034271, IMSI=520043600675662, ProStatus=PROD, ProDate=20260320185958, SendDate=20260321083211, TypeStatus=OK, NGDate=null, NGRECBY=null, ReplaceSN=null}, {LDCMID=B0202823, IMEI=860466063287611, ICCID=8966044925100037761, IMSI=520043600676011, ProStatus=PROD, ProDate=20260320190012, SendDate=20260321083211, TypeStatus=OK, NGDate=null, NGRECBY=null, ReplaceSN=null}, {LDCMID=B0200538, IMEI=860466063270161, ICCID=8966044925100072305, IMSI=520043600679465, ProStatus=PROD, ProDate=20260320190116, SendDate=20260321083211, TypeStatus=OK, NGDate=null, NGRECBY=null, ReplaceSN=null}, {LDCMID=B0202517, IMEI=860466063288866, ICCID=8966044925100040823, IMSI=520043600676317, ProStatus=PROD, ProDate=20260320190130, SendDate=20260321083211, TypeStatus=OK, NGDate=null, NGRECBY=null, ReplaceSN=null}, {LDCMID=B0201229, IMEI=860466063288817, ICCID=8966044925100053701, IMSI=520043600677605, ProStatus=PROD, ProDate=20260320190146, SendDate=20260321083211, TypeStatus=OK, NGDate=null, NGRECBY=null, ReplaceSN=null}, {LDCMID=B0203284, IMEI=860466063270492, ICCID=8966044925100033190, IMSI=520043600675554, ProStatus=PROD, ProDate=20260320190158, SendDate=20260321083211, TypeStatus=OK, NGDate=null, NGRECBY=null, ReplaceSN=null}, {LDCMID=B0200600, IMEI=860466063270443, ICCID=8966044925100059989, IMSI=520043600678233, ProStatus=PROD, ProDate=20260320190212, SendDate=20260321083211, TypeStatus=OK, NGDate=null, NGRECBY=null, ReplaceSN=null}, {LDCMID=B0203169, IMEI=860466063270385, ICCID=8966044925100034321, IMSI=520043600675667, ProStatus=PROD, ProDate=20260320190225, SendDate=20260321083211, TypeStatus=OK, NGDate=null, NGRECBY=null, ReplaceSN=null}, {LDCMID=B0201490, IMEI=860466063270187, ICCID=8966044925100051119, IMSI=520043600677346, ProStatus=PROD, ProDate=20260320190239, SendDate=20260321083211, TypeStatus=OK, NGDate=null, NGRECBY=null, ReplaceSN=null}, {LDCMID=B0201122, IMEI=860466063288882, ICCID=8966044925100054790, IMSI=520043600677714, ProStatus=PROD, ProDate=20260320190252, SendDate=20260321083211, TypeStatus=OK, NGDate=null, NGRECBY=null, ReplaceSN=null}, {LDCMID=B0203338, IMEI=860466063270468, ICCID=8966044925100032655, IMSI=520043600675500, ProStatus=PROD, ProDate=20260320190306, SendDate=20260321083211, TypeStatus=OK, NGDate=null, NGRECBY=null, ReplaceSN=null}, {LDCMID=B0203382, IMEI=860466063270476, ICCID=8966044925100032218, IMSI=520043600675456, ProStatus=PROD, ProDate=20260320190321, SendDate=20260321083211, TypeStatus=OK, NGDate=null, NGRECBY=null, ReplaceSN=null}, {LDCMID=B0202747, IMEI=860466063267878, ICCID=8966044925100038546, IMSI=520043600676089, ProStatus=PROD, ProDate=20260320190452, SendDate=20260321083211, TypeStatus=OK, NGDate=null, NGRECBY=null, ReplaceSN=null}, {LDCMID=B0202750, IMEI=860466063286167, ICCID=8966044925100038538, IMSI=520043600676088, ProStatus=PROD, ProDate=20260320190504, SendDate=20260321083211, TypeStatus=OK, NGDate=null, NGRECBY=null, ReplaceSN=null}, {LDCMID=B0202466, IMEI=860466063267753, ICCID=8966044925100041359, IMSI=520043600676370, ProStatus=PROD, ProDate=20260320190521, SendDate=20260321083211, TypeStatus=OK, NGDate=null, NGRECBY=null, ReplaceSN=null}, {LDCMID=B0201215, IMEI=860466063286282, ICCID=8966044925100053842, IMSI=520043600677619, ProStatus=PROD, ProDate=20260320190533, SendDate=20260321083211, TypeStatus=OK, NGDate=null, NGRECBY=null, ReplaceSN=null}, {LDCMID=B0202182, IMEI=860466063286159, ICCID=8966044925100044197, IMSI=520043600676654, ProStatus=PROD, ProDate=20260320190546, SendDate=20260321083211, TypeStatus=OK, NGDate=null, NGRECBY=null, ReplaceSN=null}, {LDCMID=B0202333, IMEI=860466063287587, ICCID=8966044925100042662, IMSI=520043600676501, ProStatus=PROD, ProDate=20260320190601, SendDate=20260321083211, TypeStatus=OK, NGDate=null, NGRECBY=null, ReplaceSN=null}, {LDCMID=B0203302, IMEI=860466063268959, ICCID=8966044925100033018, IMSI=520043600675536, ProStatus=PROD, ProDate=20260320190615, SendDate=20260321083211, TypeStatus=OK, NGDate=null, NGRECBY=null, ReplaceSN=null}, {LDCMID=B0202223, IMEI=860466063269122, ICCID=8966044925100043769, IMSI=520043600676611, ProStatus=PROD, ProDate=20260320190628, SendDate=20260321083211, TypeStatus=OK, NGDate=null, NGRECBY=null, ReplaceSN=null}, {LDCMID=B0203168, IMEI=860466063269189, ICCID=8966044925100034354, IMSI=520043600675670, ProStatus=PROD, ProDate=20260320190643, SendDate=20260321083211, TypeStatus=OK, NGDate=null, NGRECBY=null, ReplaceSN=null}, {LDCMID=B0203531, IMEI=860466063269130, ICCID=8966044925100030204, IMSI=520043600675255, ProStatus=PROD, ProDate=20260320190658, SendDate=20260321083211, TypeStatus=OK, NGDate=null, NGRECBY=null, ReplaceSN=null}, {LDCMID=B0202687, IMEI=860466063268991, ICCID=8966044925100039148, IMSI=520043600676149, ProStatus=PROD, ProDate=20260320190753, SendDate=20260321083211, TypeStatus=OK, NGDate=null, NGRECBY=null, ReplaceSN=null}, {LDCMID=B0202064, IMEI=860466063268967, ICCID=8966044925100045392, IMSI=520043600676774, ProStatus=PROD, ProDate=20260320190805, SendDate=20260321083211, TypeStatus=OK, NGDate=null, NGRECBY=null, ReplaceSN=null}, {LDCMID=B0200033, IMEI=860466063287389, ICCID=8966044925100077304, IMSI=520043600679965, ProStatus=PROD, ProDate=20260320190817, SendDate=20260321083211, TypeStatus=OK, NGDate=null, NGRECBY=null, ReplaceSN=null}, {LDCMID=B0202673, IMEI=860466063287181, ICCID=8966044925100039288, IMSI=520043600676163, ProStatus=PROD, ProDate=20260320190830, SendD | E6: {""LDCMLists"":{""Quantity"":164,""Register"":[{""LDCMID"":""BYC02384"",""StatusReg"":""Process completed successfully"",""ResDate"":""2026-03-21 01:28:29""},{""LDCMID"":""BYC02898"",""StatusReg"":""Process completed successfully"",""ResDate"":""2026-03-21 01:28:29""},{""LDCMID"":""BYC01313"",""StatusReg"":""Process completed successfully"",""ResDate"":""2026-03-21 01:28:29""},{""LDCMID"":""BYC00409"",""StatusReg"":""Process completed successfully"",""ResDate"":""2026-03-21 01:28:29""},{""LDCMID"":""BYC02171"",""StatusReg"":""Process completed successfully"",""ResDate"":""2026-03-21 01:28:29""},{""LDCMID"":""BYC02394"",""StatusReg"":""Process completed successfully"",""ResDate"":""2026-03-21 01:28:29""},{""LDCMID"":""BYC01922"",""StatusReg"":""Process completed successfully"",""ResDate"":""2026-03-21 01:28:29""},{""LDCMID"":""BYC00102"",""StatusReg"":""Process completed successfully"",""ResDate"":""2026-03-21 01:28:29""},{""LDCMID"":""BYC01169"",""StatusReg"":""Process completed successfully"",""ResDate"":""2026-03-21 01:28:29""},{""LDCMID"":""BYC00264"",""StatusReg"":""Process completed successfully"",""ResDate"":""2026-03-21 01:28:29""},{""LDCMID"":""BYC02578"",""StatusReg"":""Process completed successfully"",""ResDate"":""2026-03-21 01:28:29""},{""LDCMID"":""BYC02950"",""StatusReg"":""Process completed successfully"",""ResDate"":""2026-03-21 01:28:30""},{""LDCMID"":""BYC00002"",""StatusReg"":""Process completed successfully"",""ResDate"":""2026-03-21 01:28:30""},{""LDCMID"":""BYC02460"",""StatusReg"":""Process completed successfully"",""ResDate"":""2026-03-21 01:28:30""},{""LDCMID"":""BYC02919"",""StatusReg"":""Process completed successfully"",""ResDate"":""2026-03-21 01:28:30""},{""LDCMID"":""BYC02487"",""StatusReg"":""Process completed successfully"",""ResDate"":""2026-03-21 01:28:30""},{""LDCMID"":""BYC02721"",""StatusReg"":""Process completed successfully"",""ResDate"":""2026-03-21 01:28:30""},{""LDCMID"":""BYC00467"",""StatusReg"":""Process completed successfully"",""ResDate"":""2026-03-21 01:28:30""},{""LDCMID"":""BYC02561"",""StatusReg"":""Process completed successfully"",""ResDate"":""2026-03-21 01:28:30""},{""LDCMID"":""BYC02892"",""StatusReg"":""Process completed successfully"",""ResDate"":""2026-03-21 01:28:30""},{""LDCMID"":""B0203345"",""StatusReg"":""Process completed successfully"",""ResDate"":""2026-03-21 01:28:30""},{""LDCMID"":""B0201140"",""StatusReg"":""Process completed successfully"",""ResDate"":""2026-03-21 01:28:30""},{""LDCMID"":""B0201789"",""StatusReg"":""Process completed successfully"",""ResDate"":""2026-03-21 01:28:30""},{""LDCMID"":""B0201257"",""StatusReg"":""Process completed successfully"",""ResDate"":""2026-03-21 01:28:30""},{""LDCMID"":""B0201882"",""StatusReg"":""Process completed successfully"",""ResDate"":""2026-03-21 01:28:30""},{""LDCMID"":""B0203267"",""StatusReg"":""Process completed successfully"",""ResDate"":""2026-03-21 01:28:30""},{""LDCMID"":""B0201685"",""StatusReg"":""Process completed successfully"",""ResDate"":""2026-03-21 01:28:30""},{""LDCMID"":""B0202117"",""StatusReg"":""Process completed successfully"",""ResDate"":""2026-03-21 01:28:30""},{""LDCMID"":""B0201669"",""StatusReg"":""Process completed successfully"",""ResDate"":""2026-03-21 01:28:30""},{""LDCMID"":""B0201623"",""StatusReg"":""Process completed successfully"",""ResDate"":""2026-03-21 01:28:30""},{""LDCMID"":""B0202905"",""StatusReg"":""Process completed successfully"",""ResDate"":""2026-03-21 01:28:30""},{""LDCMID"":""B0202624"",""StatusReg"":""Process completed successfully"",""ResDate"":""2026-03-21 01:28:30""},{""LDCMID"":""B0202995"",""StatusReg"":""Process completed successfully"",""ResDate"":""2026-03-21 01:28:30""},{""LDCMID"":""B0200626"",""StatusReg"":""Process completed successfully"",""ResDate"":""2026-03-21 01:28:30""},{""LDCMID"":""B0203304"",""StatusReg"":""Process completed successfully"",""ResDate"":""2026-03-21 01:28:30""},{""LDCMID"":""B0200915"",""StatusReg"":""Process completed successfully"",""ResDate"":""2026-03-21 01:28:30""},{""LDCMID"":""B0203349"",""StatusReg"":""Process completed successfully"",""ResDate"":""2026-03-21 01:28:30""},{""LDCMID"":""B0203262"",""StatusReg"":""Process completed successfully"",""ResDate"":""2026-03-21 01:28:30""},{""LDCMID"":""B0203061"",""StatusReg"":""Process completed successfully"",""ResDate"":""2026-03-21 01:28:30""},{""LDCMID"":""B0200724"",""StatusReg"":""Process completed successfully"",""ResDate"":""2026-03-21 01:28:30""},{""LDCMID"":""B0201210"",""StatusReg"":""Process completed successfully"",""ResDate"":""2026-03-21 01:28:30""},{""LDCMID"":""B0201867"",""StatusReg"":""Process completed successfully"",""ResDate"":""2026-03-21 01:28:30""},{""LDCMID"":""B0202119"",""StatusReg"":""Process completed successfully"",""ResDate"":""2026-03-21 01:28:30""},{""LDCMID"":""B0202884"",""StatusReg"":""Process completed successfully"",""ResDate"":""2026-03-21 01:28:30""},{""LDCMID"":""B0201839"",""StatusReg"":""Process completed successfully"",""ResDate"":""2026-03-21 01:28:30""},{""LDCMID"":""B0202090"",""StatusReg"":""Process completed successfully"",""ResDate"":""2026-03-21 01:28:30""},{""LDCMID"":""B0201840"",""StatusReg"":""Process completed successfully"",""ResDate"":""2026-03-21 01:28:30""},{""LDCMID"":""B0203287"",""StatusReg"":""Process completed successfully"",""ResDate"":""2026-03-21 01:28:30""},{""LDCMID"":""B0201160"",""StatusReg"":""Process completed successfully"",""ResDate"":""2026-03-21 01:28:30""},{""LDCMID"":""B0202825"",""StatusReg"":""Process completed successfully"",""ResDate"":""2026-03-21 01:28:30""},{""LDCMID"":""B0202842"",""StatusReg"":""Process completed successfully"",""ResDate"":""2026-03-21 01:28:30""},{""LDCMID"":""B0202097"",""StatusReg"":""Process completed successfully"",""ResDate"":""2026-03-21 01:28:30""},{""LDCMID"":""B0202636"",""StatusReg"":""Process completed successfully"",""ResDate"":""2026-03-21 01:28:30""},{""LDCMID"":""B0201341"",""StatusReg"":""Process completed successfully"",""ResDate"":""2026-03-21 01:28:30""},{""LDCMID"":""B0202139"",""StatusReg"":""Process completed successfully"",""ResDate"":""2026-03-21 01:28:30""},{""LDCMID"":""B0202982"",""StatusReg"":""Process completed successfully"",""ResDate"":""2026-03-21 01:28:30""},{""LDCMID"":""B0201956"",""StatusReg"":""Process completed successfully"",""ResDate"":""2026-03-21 01:28:30""},{""LDCMID"":""B0202869"",""StatusReg"":""Process completed successfully"",""ResDate"":""2026-03-21 01:28:30""},{""LDCMID"":""B0203177"",""StatusReg"":""Process completed successfully"",""ResDate"":""2026-03-21 01:28:30""},{""LDCMID"":""B0200383"",""StatusReg"":""Process completed successfully"",""ResDate"":""2026-03-21 01:28:30""},{""LDCMID"":""B0202895"",""StatusReg"":""Process completed successfully"",""ResDate"":""2026-03-21 01:28:30""},{""LDCMID"":""B0202717"",""StatusReg"":""Process completed successfully"",""ResDate"":""2026-03-21 01:28:30""},{""LDCMID"":""B0202389"",""StatusReg"":""Process completed successfully"",""ResDate"":""2026-03-21 01:28:30""},{""LDCMID"":""B0203101"",""StatusReg"":""Process completed successfully"",""ResDate"":""2026-03-21 01:28:30""},{""LDCMID"":""B0202089"",""StatusReg"":""Process completed successfully"",""ResDate"":""2026-03-21 01:28:30""},{""LDCMID"":""B0201419"",""StatusReg"":""Process completed successfully"",""ResDate"":""2026-03-21 01:28:30""},{""LDCMID"":""B0202506"",""StatusReg"":""Process completed successfully"",""ResDate"":""2026-03-21 01:28:30""},{""LDCMID"":""B0202975"",""StatusReg"":""Process completed successfully"",""ResDate"":""2026-03-21 01:28:30""},{""LDCMID"":""B0203310"",""StatusReg"":""Process completed successfully"",""ResDate"":""2026-03-21 01:28:30""},{""LDCMID"":""B0201552"",""StatusReg"":""Process completed successfully"",""ResDate"":""2026-03-21 01:28:30""},{""LDCMID"":""B0200731"",""StatusReg"":""Process completed successfully"",""ResDate"":""2026-03-21 01:28:30""},{""LDCMID"":""B0201093"",""StatusReg"":""Process completed successfully"",""ResDate"":""2026-03-21 01:28:30""},{""LDCMID"":""B0201902"",""StatusReg"":""Process completed successfully"",""ResDate"":""2026-03-21 01:28:30""},{""LDCMID"":""B0203163"",""StatusReg"":""Process completed successfully"",""ResDate"":""2026-03-21 01:28:30""},{""LDCMID"":""B0201376"",""StatusReg"":""Process completed successfully"",""ResDate"":""2026-03-21 01:28:30""},{""LDCMID"":""B0202858"",""StatusReg"":""Process completed successfully"",""ResDate"":""2026-03-21 01:28:30""},{""LDCMID"":""B0201150"",""StatusReg"":""Process completed successfully"",""ResDate"":""2026-03-21 01:28:30""},{""LDCMID"":""B0200954"",""StatusReg"":""Process completed successfully"",""ResDate"":""2026-03-21 01:28:30""},{""LDCMID"":""B0202749"",""StatusReg"":""Process completed successfully"",""ResDate"":""2026-03-21 01:28:30""},{""LDCMID"":""B0202663"",""StatusReg"":""Process completed successfully"",""ResDate"":""2026-03-21 01:28:30""},{""LDCMID"":""B0201624"",""StatusReg"":""Process completed successfully"",""ResDate"":""2026-03-21 01:28:30""},{""LDCMID"":""B0201903"",""StatusReg"":""Process completed successfully"",""ResDate"":""2026-03-21 01:28:30""},{""LDCMID"":""B0201888"",""StatusReg"":""Process completed successfully"",""ResDate"":""2026-03-21 01:28:30""},{""LDCMID"":""B0201723"",""StatusReg"":""Process completed successfully"",""ResDate"":""2026-03-21 01:28:30""},{""LDCMID"":""B0203172"",""StatusReg"":""Process completed successfully"",""ResDate"":""2026-03-21 01:28:30""},{""LDCMID"":""B0200388"",""StatusReg"":""Process completed successfully"",""ResDate"":""2026-03-21 01:28:30""},{""LDCMID"":""B0200281"",""StatusReg"":""Process completed successfully"",""ResDate"":""2026-03-21 01:28:30""},{""LDCMID"":""B0200369"",""StatusReg"":""Process completed successfully"",""ResDate"":""2026-03-21 01:28:30""},{""LDCMID"":""B0201665"",""StatusReg"":""Process completed successfully"",""ResDate"":""2026-03-21 01:28:30""},{""LDCMID"":""B0202883"",""StatusReg"":""Process completed successfully"",""ResDate"":""2026-03-21 01:28:30""},{""LDCMID"":""B0201138"",""StatusReg"":""Process completed successfully"",""ResDate"":""2026-03-21 01:28:30""},{""LDCMID"":""B0203022"",""StatusReg"":""Process completed successfully"",""ResDate"":""2026-03-21 01:28:30""},{""LDCMID"":""B0201361"",""StatusReg"":""Process completed successfully"",""ResDate"":""2026-03-21 01:28:30""},{""LDCMID"":""B0203247"",""StatusReg"":""Process completed successfully"",""ResDate"":""2026-03-21 01:28:30""},{""LDCMID"":""B0203019"",""StatusReg"":""Process completed successfully"",""ResDate"":""2026-03-21 01:28:30""},{""LDCMID"":""B0200065"",""StatusReg"":""Process completed successfully"",""ResDate"":""2026-03-21 01:28:30""},{""LDCMID"":""B0202942"",""StatusReg"":""Process completed successfully"",""ResDate"":""2026-03-21 01:28:30""},{""LDCMID"":""B0202738"",""StatusReg"":""Process completed successfully"",""ResDate"":""2026-03-21 01:28:31""},{""LDCMID"":""B0101680"",""StatusReg"":""Process completed successfully"",""ResDate"":""2026-03-21 01:28:31""},{""LDCMID"":""B0203238"",""StatusReg"":""Process completed successfully"",""ResDate"":""2026-03-21 01:28:31""},{""LDCMID"":""B0202176"",""StatusReg"":""Process completed successfully"",""ResDate"":""2026-03-21 01:28:31""},{""LDCMID"":""B0202903"",""StatusReg"":""Process completed successfully"",""ResDate"":""2026-03-21 01:28:31""},{""LDCMID"":""B0202099"",""StatusReg"":""Process completed successfully"",""ResDate"":""2026-03-21 01:28:31""},{""LDCMID"":""B0201554"",""StatusReg"":""Process completed successfully"",""ResDate"":""2026-03-21 01:28:31""},{""LDCMID"":""B0200396"",""StatusReg"":""Process completed successfully"",""ResDate"":""2026-03-21 01:28:31""},{""LDCMID"":""B0201493"",""StatusReg"":""Process completed successfully"",""ResDate"":""2026-03-21 01:28:31""},{""LDCMID"":""B0202912"",""StatusReg"":""Process completed successfully"",""ResDate"":""2026-03-21 01:28:31""},{""LDCMID"":""B0203040"",""StatusReg"":""Process completed successfully"",""ResDate"":""2026-03-21 01:28:31""},{""LDCMID"":""B0201223"",""StatusReg"":""Process completed successfully"",""ResDate"":""2026-03-21 01:28:31""},{""LDCMID"":""B0202850"",""StatusReg"":""Process completed successfully"",""ResDate"":""2026-03-21 01:28:31""},{""LDCMID"":""B0202988"",""StatusReg"":""Process completed successfully"",""ResDate"":""2026-03-21 01:28:31""},{""LDCMID"":""B0201250"",""StatusReg"":""Process completed successfully"",""ResDate"":""2026-03-21 01:28:31""},{""LDCMID"":""B0202951"",""StatusReg"":""Process completed successfully"",""ResDate"":""2026-03-21 01:28:31""},{""LDCMID"":""B0202513"",""StatusReg"":""Process completed successfully"",""ResDate"":""2026-03-21 01:28:31""},{""LDCMID"":""B0203296"",""StatusReg"":""Process completed successfully"",""ResDate"":""2026-03-21 01:28:31""},{""LDCMID"":""B0201149"",""StatusReg"":""Process completed successfully"",""ResDate"":""2026-03-21 01:28:31""},{""LDCMID"":""B0202220"",""StatusReg"":""Process completed successfully"",""ResDate"":""2026-03-21 01:28:31""},{""LDCMID"":""B0202836"",""StatusReg"":""Process completed successfully"",""ResDate"":""2026-03-21 01:28:31""},{""LDCMID"":""B0202664"",""StatusReg"":""Process completed successfully"",""ResDate"":""2026-03-21 01:28:31""},{""LDCMID"":""B0202250"",""StatusReg"":""Process completed successfully"",""ResDate"":""2026-03-21 01:28:31""},{""LDCMID"":""B0202213"",""StatusReg"":""Process completed successfully"",""ResDate"":""2026-03-21 01:28:31""},{""LDCMID"":""B0201537"",""StatusReg"":""Process completed successfully"",""ResDate"":""2026-03-21 01:28:31""},{""LDCMID"":""B0203213"",""StatusReg"":""Process completed successfully"",""ResDate"":""2026-03-21 01:28:31""},{""LDCMID"":""B0201684"",""StatusReg"":""Process completed successfully"",""ResDate"":""2026-03-21 01:28:31""},{""LDCMID"":""B0201500"",""StatusReg"":""Process completed successfully"",""ResDate"":""2026-03-21 01:28:31""},{""LDCMID"":""B0203590"",""StatusReg"":""Process completed successfully"",""ResDate"":""2026-03-21 01:28:31""},{""LDCMID"":""B0203206"",""StatusReg"":""Process completed successfully"",""ResDate"":""2026-03-21 01:28:31""},{""LDCMID"":""B0202892"",""StatusReg"":""Process completed successfully"",""ResDate"":""2026-03-21 01:28:31""},{""LDCMID"":""B0203176"",""StatusReg"":""Process completed successfully"",""ResDate"":""2026-03-21 01:28:31""},{""LDCMID"":""B0202823"",""StatusReg"":""Process completed successfully"",""ResDate"":""2026-03-21 01:28:31""},{""LDCMID"":""B0200538"",""StatusReg"":""Process completed successfully"",""ResDate"":""2026-03-21 01:28:31""},{""LDCMID"":""B0202517"",""StatusReg"":""Process completed successfully"",""ResDate"":""2026-03-21 01:28:31""},{""LDCMID"":""B0201229"",""StatusReg"":""Process completed successfully"",""ResDate"":""2026-03-21 01:28:31""},{""LDCMID"":""B0203284"",""StatusReg"":""Process completed successfully"",""ResDate"":""2026-03-21 01:28:31""},{""LDCMID"":""B0200600"",""StatusReg"":""Process completed successfully"",""ResDate"":""2026-03-21 01:28:31""},{""LDCMID"":""B0203169"",""StatusReg"":""Process completed successfully"",""ResDate"":""2026-03-21 01:28:31""},{""LDCMID"":""B0201490"",""StatusReg"":""Process completed successfully"",""ResDate"":""2026-03-21 01:28:31""},{""LDCMID"":""B0201122"",""StatusReg"":""Process completed successfully"",""ResDate"":""2026-03-21 01:28:31""},{""LDCMID"":""B0203338"",""StatusReg"":""Process completed successfully"",""ResDate"":""2026-03-21 01:28:31""},{""LDCMID"":""B0203382"",""StatusReg"":""Process completed successfully"",""ResDate"":""2026-03-21 01:28:31""},{""LDCMID"":""B0202747"",""StatusReg"":""Process completed successfully"",""ResDate"":""2026-03-21 01:28:31""},{""LDCMID"":""B0202750"",""StatusReg"":""Process completed successfully"",""ResDate"":""2026-03-21 01:28:31""},{""LDCMID"":""B0202466"",""StatusReg"":""Process completed successfully"",""ResDate"":""2026-03-21 01:28:31""},{""LDCMID"":""B0201215"",""StatusReg"":""Process completed successfully"",""ResDate"":""2026-03-21 01:28:31""},{""LDCMID"":""B0202182"",""StatusReg"":""Process completed successfully"",""ResDate"":""2026-03-21 01:28:31""},{""LDCMID"":""B0202333"",""StatusReg"":""Process completed successfully"",""ResDate"":""2026-03-21 01:28:31""},{""LDCMID"":""B0203302"",""StatusReg"":""Process completed successfully"",""ResDate"":""2026-03-21 01:28:31""},{""LDCMID"":""B0202223"",""StatusReg"":""Process completed successfully"",""ResDate"":""2026-03-21 01:28:31""},{""LDCMID"":""B0203168"",""StatusReg"":""Process completed successfully"",""ResDate"":""2026-03-21 01:28:31""},{""LDCMID"":""B0203531"",""StatusReg"":""Process completed successfully"",""ResDate"":""2026-03-21 01:28:31""},{""LDCMID"":""B0202687"",""StatusReg"":""Process completed successfully"",""ResDate"":""2026-03-21 01:28:31""},{""LDCMID"":""B0202064"",""StatusReg"":""Process completed successfully"",""ResDate"":""2026-03-21 01:28:31""},{""LDCMID"":""B0200033"",""StatusReg"":""Process completed successfully"",""ResDate"":""2026-03-21 01:28:31""},{""LDCMID"":""B0202673"",""StatusReg"":""Process completed successfully"",""ResDate"":""2026-03-21 01:28:31""},{""LDCMID"":""B0202657"",""StatusReg"":""Process completed successfully"",""ResDate"":""2026-03-21 01:28:31""},{""LDCMID"":""B0202848"",""StatusReg"":""Process completed successfully"",""ResDate"":""2026-03-21 01:28:31""},{""LDCMID"":""B0200502"",""StatusReg"":""Process completed successfully"",""ResDate"":""2026-03-21 01:28:31""},{""LDCMID"":""B0201141"",""StatusReg"":""Process completed successfully"",""ResDate"":""2026-03-21 01:28:31""},{""LDCMID"":""B0201205"",""StatusReg"":""Process completed successfully"",""ResDate"":""2026-03-21 01:28:31""},{""LDCMID"":""B0200398"",""StatusReg"":""Process completed successfully"",""ResDate"":""2026-03-21 01:28:31""},{""LDCMID"":""B0202002"",""StatusReg"":""Process completed successfully"",""ResDate"":""2026-03-21 01:28:31""},{""LDCMID"":""B0203196"",""StatusReg"":""Process completed successfully"",""ResDate"":""2026-03-21 01:28:31""},{""LDCMID"":""B0201164"",""StatusReg"":""Process completed successfully"",""ResDate"":""2026-03-21 01:28:31""},{""LDCMID"":""B0203339"",""StatusReg"":""Process completed successfully"",""ResDate"":""2026-03-21 01:28:31""}]}}
A7: 4 | D7: ate=20260321083211, TypeStatus=OK, NGDate=null, NGRECBY=null, ReplaceSN=null}, {LDCMID=B0202657, IMEI=860466063287306, ICCID=8966044925100039445, IMSI=520043600676179, ProStatus=PROD, ProDate=20260320190848, SendDate=20260321083211, TypeStatus=OK, NGDate=null, NGRECBY=null, ReplaceSN=null}, {LDCMID=B0202848, IMEI=860466063287231, ICCID=8966044925100037530, IMSI=520043600675988, ProStatus=PROD, ProDate=20260320190902, SendDate=20260321083211, TypeStatus=OK, NGDate=null, NGRECBY=null, ReplaceSN=null}, {LDCMID=B0200502, IMEI=860466063268710, ICCID=8966044925100072669, IMSI=520043600679501, ProStatus=PROD, ProDate=20260320190918, SendDate=20260321083211, TypeStatus=OK, NGDate=null, NGRECBY=null, ReplaceSN=null}, {LDCMID=B0201141, IMEI=860466063287413, ICCID=8966044925100054584, IMSI=520043600677693, ProStatus=PROD, ProDate=20260320190930, SendDate=20260321083211, TypeStatus=OK, NGDate=null, NGRECBY=null, ReplaceSN=null}, {LDCMID=B0201205, IMEI=860466063287280, ICCID=8966044925100053941, IMSI=520043600677629, ProStatus=PROD, ProDate=20260320190944, SendDate=20260321083211, TypeStatus=OK, NGDate=null, NGRECBY=null, ReplaceSN=null}, {LDCMID=B0200398, IMEI=860466063268413, ICCID=8966044925100073709, IMSI=520043600679605, ProStatus=PROD, ProDate=20260320190958, SendDate=20260321083211, TypeStatus=OK, NGDate=null, NGRECBY=null, ReplaceSN=null}, {LDCMID=B0202002, IMEI=860466063288932, ICCID=8966044925100044254, IMSI=520043600676660, ProStatus=PROD, ProDate=20260320191155, SendDate=20260321083211, TypeStatus=OK, NGDate=null, NGRECBY=null, ReplaceSN=null}, {LDCMID=B0203196, IMEI=860466063288965, ICCID=8966044925100034073, IMSI=520043600675642, ProStatus=PROD, ProDate=20260320191207, SendDate=20260321083211, TypeStatus=OK, NGDate=null, NGRECBY=null, ReplaceSN=null}, {LDCMID=B0201164, IMEI=860466063270435, ICCID=8966044925100054378, IMSI=520043600677672, ProStatus=PROD, ProDate=20260320191219, SendDate=20260321083211, TypeStatus=OK, NGDate=null, NGRECBY=null, ReplaceSN=null}, {LDCMID=B0203339, IMEI=860466063288890, ICCID=8966044925100032622, IMSI=520043600675497, ProStatus=PROD, ProDate=20260320191231, SendDate=20260321083211, TypeStatus=OK, NGDate=null, NGRECBY=null, ReplaceSN=null}]}}
A8: 5
A9: 6
A10: 7
A11: 8
A12: 9
A13: 10
A14: 11
A15: 12
A16: 13
A17: 14
A18: 15
A19: 16
... A55: 52

Sheet DTEN TCAP Linkage
A1: No. | B1: date | C1: Request ID | D1: Request for TCAP Cloud | E1: Response from TCAP Cloud
A4: 1 | B4: 46102.062 | C4: 2d53b231-e2bb-4ef9-be86-72040b753871 | D4: {""qty"":164,""deviceList"":[{""deviceId"":""BYC02384"",""IMEI"":""860466063177200"",""ICCID"":""8966043725100036313"",""IMSI"":""520043600654861"",""prodStatus"":""PROD"",""prodDate"":""20260320173123"",""sendDate"":""20260321083211"",""typeStatus"":""OK"",""NGdate"":null,""NGRECBY"":null,""replacedDevice"":null,""active"":""1""},{""deviceId"":""BYC02898"",""IMEI"":""860466063181301"",""ICCID"":""8966043725100031173"",""IMSI"":""520043600654347"",""prodStatus"":""PROD"",""prodDate"":""20260320173135"",""sendDate"":""20260321083211"",""typeStatus"":""OK"",""NGdate"":null,""NGRECBY"":null,""replacedDevice"":null,""active"":""1""},{""deviceId"":""BYC01313"",""IMEI"":""860466063180386"",""ICCID"":""8966044225100046882"",""IMSI"":""520043600661923"",""prodStatus"":""PROD"",""prodDate"":""20260320173147"",""sendDate"":""20260321083211"",""typeStatus"":""OK"",""NGdate"":null,""NGRECBY"":null,""replacedDevice"":null,""active"":""1""},{""deviceId"":""BYC00409"",""IMEI"":""860466063155057"",""ICCID"":""8966044225100055917"",""IMSI"":""520043600662826"",""prodStatus"":""PROD"",""prodDate"":""20260320173158"",""sendDate"":""20260321083211"",""typeStatus"":""OK"",""NGdate"":null,""NGRECBY"":null,""replacedDevice"":null,""active"":""1""},{""deviceId"":""BYC02171"",""IMEI"":""860466063106035"",""ICCID"":""8966043725100038400"",""IMSI"":""520043600655070"",""prodStatus"":""PROD"",""prodDate"":""20260320173213"",""sendDate"":""20260321083211"",""typeStatus"":""OK"",""NGdate"":null,""NGRECBY"":null,""replacedDevice"":null,""active"":""1""},{""deviceId"":""BYC02394"",""IMEI"":""860466063106084"",""ICCID"":""8966043725100036214"",""IMSI"":""520043600654851"",""prodStatus"":""PROD"",""prodDate"":""20260320173225"",""sendDate"":""20260321083211"",""typeStatus"":""OK"",""NGdate"":null,""NGRECBY"":null,""replacedDevice"":null,""active"":""1""},{""deviceId"":""BYC01922"",""IMEI"":""860466063090965"",""ICCID"":""8966043725100040976"",""IMSI"":""520043600655327"",""prodStatus"":""PROD"",""prodDate"":""20260320173245"",""sendDate"":""20260321083211"",""typeStatus"":""OK"",""NGdate"":null,""NGRECBY"":null,""replacedDevice"":null,""active"":""1""},{""deviceId"":""BYC00102"",""IMEI"":""860466063106175"",""ICCID"":""8966044225100058986"",""IMSI"":""520043600663133"",""prodStatus"":""PROD"",""prodDate"":""20260320173257"",""sendDate"":""20260321083211"",""typeStatus"":""OK"",""NGdate"":null,""NGRECBY"":null,""replacedDevice"":null,""active"":""1""},{""deviceId"":""BYC01169"",""IMEI"":""860466063090809"",""ICCID"":""8966043725100030027"",""IMSI"":""520043600654232"",""prodStatus"":""PROD"",""prodDate"":""20260320173316"",""sendDate"":""20260321083211"",""typeStatus"":""OK"",""NGdate"":null,""NGRECBY"":null,""replacedDevice"":null,""active"":""1""},{""deviceId"":""BYC00264"",""IMEI"":""860466063193199"",""ICCID"":""8966044225100057350"",""IMSI"":""520043600662970"",""prodStatus"":""PROD"",""prodDate"":""20260320173330"",""sendDate"":""20260321083211"",""typeStatus"":""OK"",""NGdate"":null,""NGRECBY"":null,""replacedDevice"":null,""active"":""1""},{""deviceId"":""BYC02578"",""IMEI"":""860466063145371"",""ICCID"":""8966043725100034391"",""IMSI"":""520043600654669"",""prodStatus"":""PROD"",""prodDate"":""20260320173430"",""sendDate"":""20260321083211"",""typeStatus"":""OK"",""NGdate"":null,""NGRECBY"":null,""replacedDevice"":null,""active"":""1""},{""deviceId"":""BYC02950"",""IMEI"":""860466063173977"",""ICCID"":""8966043725100030654"",""IMSI"":""520043600654295"",""prodStatus"":""PROD"",""prodDate"":""20260320173442"",""sendDate"":""20260321083211"",""typeStatus"":""OK"",""NGdate"":null,""NGRECBY"":null,""replacedDevice"":null,""active"":""1""},{""deviceId"":""BYC00002"",""IMEI"":""860466063148771"",""ICCID"":""8966044225100059984"",""IMSI"":""520043600663233"",""prodStatus"":""PROD"",""prodDate"":""20260320173454"",""sendDate"":""20260321083211"",""typeStatus"":""OK"",""NGdate"":null,""NGRECBY"":null,""replacedDevice"":null,""active"":""1""},{""deviceId"":""BYC02460"",""IMEI"":""860466063148631"",""ICCID"":""8966043725100035554"",""IMSI"":""520043600654785"",""prodStatus"":""PROD"",""prodDate"":""20260320173505"",""sendDate"":""20260321083211"",""typeStatus"":""OK"",""NGdate"":null,""NGRECBY"":null,""replacedDevice"":null,""active"":""1""},{""deviceId"":""BYC02919"",""IMEI"":""860466063175543"",""ICCID"":""8966043725100030944"",""IMSI"":""520043600654324"",""prodStatus"":""PROD"",""prodDate"":""20260320173519"",""sendDate"":""20260321083211"",""typeStatus"":""OK"",""NGdate"":null,""NGRECBY"":null,""replacedDevice"":null,""active"":""1""},{""deviceId"":""BYC02487"",""IMEI"":""860466063148615"",""ICCID"":""8966043725100035265"",""IMSI"":""520043600654756"",""prodStatus"":""PROD"",""prodDate"":""20260320173535"",""sendDate"":""20260321083211"",""typeStatus"":""OK"",""NGdate"":null,""NGRECBY"":null,""replacedDevice"":null,""active"":""1""},{""deviceId"":""BYC02721"",""IMEI"":""860466063145306"",""ICCID"":""8966043725100032924"",""IMSI"":""520043600654522"",""prodStatus"":""PROD"",""prodDate"":""20260320173554"",""sendDate"":""20260321083211"",""typeStatus"":""OK"",""NGdate"":null,""NGRECBY"":null,""replacedDevice"":null,""active"":""1""},{""deviceId"":""BYC00467"",""IMEI"":""860466063145405"",""ICCID"":""8966044225100055339"",""IMSI"":""520043600662768"",""prodStatus"":""PROD"",""prodDate"":""20260320173610"",""sendDate"":""20260321083211"",""typeStatus"":""OK"",""NGdate"":null,""NGRECBY"":null,""replacedDevice"":null,""active"":""1""},{""deviceId"":""BYC02561"",""IMEI"":""860466063172706"",""ICCID"":""8966043725100034540"",""IMSI"":""520043600654684"",""prodStatus"":""PROD"",""prodDate"":""20260320173623"",""sendDate"":""20260321083211"",""typeStatus"":""OK"",""NGdate"":null,""NGRECBY"":null,""replacedDevice"":null,""active"":""1""},{""deviceId"":""BYC02892"",""IMEI"":""860466063172821"",""ICCID"":""8966043725100031231"",""IMSI"":""520043600654353"",""prodStatus"":""PROD"",""prodDate"":""20260320173638"",""sendDate"":""20260321083211"",""typeStatus"":""OK"",""NGdate"":null,""NGRECBY"":null,""replacedDevice"":null,""active"":""1""},{""deviceId"":""B0203345"",""IMEI"":""860466063287074"",""ICCID"":""8966044925100032564"",""IMSI"":""520043600675491"",""prodStatus"":""PROD"",""prodDate"":""20260320173851"",""sendDate"":""20260321083211"",""typeStatus"":""OK"",""NGdate"":null,""NGRECBY"":null,""replacedDevice"":null,""active"":""1""},{""deviceId"":""B0201140"",""IMEI"":""860466063269916"",""ICCID"":""8966044925100054618"",""IMSI"":""520043600677696"",""prodStatus"":""PROD"",""prodDate"":""20260320173906"",""sendDate"":""20260321083211"",""typeStatus"":""OK"",""NGdate"":null,""NGRECBY"":null,""replacedDevice"":null,""active"":""1""},{""deviceId"":""B0201789"",""IMEI"":""860466063288270"",""ICCID"":""8966044925100048107"",""IMSI"":""520043600677045"",""prodStatus"":""PROD"",""prodDate"":""20260320173922"",""sendDate"":""20260321083211"",""typeStatus"":""OK"",""NGdate"":null,""NGRECBY"":null,""replacedDevice"":null,""active"":""1""},{""deviceId"":""B0201257"",""IMEI"":""860466063270021"",""ICCID"":""8966044925100053420"",""IMSI"":""520043600677577"",""prodStatus"":""PROD"",""prodDate"":""20260320173935"",""sendDate"":""20260321083211"",""typeStatus"":""OK"",""NGdate"":null,""NGRECBY"":null,""replacedDevice"":null,""active"":""1""},{""deviceId"":""B0201882"",""IMEI"":""860466063288460"",""ICCID"":""8966044925100047190"",""IMSI"":""520043600676954"",""prodStatus"":""PROD"",""prodDate"":""20260320173951"",""sendDate"":""20260321083211"",""typeStatus"":""OK"",""NGdate"":null,""NGRECBY"":null,""replacedDevice"":null,""active"":""1""},{""deviceId"":""B0203267"",""IMEI"":""860466063288577"",""ICCID"":""8966044925100033349"",""IMSI"":""520043600675569"",""prodStatus"":""PROD"",""prodDate"":""20260320174009"",""sendDate"":""20260321083211"",""typeStatus"":""OK"",""NGdate"":null,""NGRECBY"":null,""replacedDevice"":null,""active"":""1""},{""deviceId"":""B0201685"",""IMEI"":""860466063270047"",""ICCID"":""8966044925100049147"",""IMSI"":""520043600677149"",""prodStatus"":""PROD"",""prodDate"":""20260320174023"",""sendDate"":""20260321083211"",""typeStatus"":""OK"",""NGdate"":null,""NGRECBY"":null,""replacedDevice"":null,""active"":""1""},{""deviceId"":""B0202117"",""IMEI"":""860466063270005"",""ICCID"":""8966044925100044841"",""IMSI"":""520043600676719"",""prodStatus"":""PROD"",""prodDate"":""20260320174034"",""sendDate"":""20260321083211"",""typeStatus"":""OK"",""NGdate"":null,""NGRECBY"":null,""replacedDevice"":null,""active"":""1""},{""deviceId"":""B0201669"",""IMEI"":""860466063288601"",""ICCID"":""8966044925100049303"",""IMSI"":""520043600677165"",""prodStatus"":""PROD"",""prodDate"":""20260320174047"",""sendDate"":""20260321083211"",""typeStatus"":""OK"",""NGdate"":null,""NGRECBY"":null,""replacedDevice"":null,""active"":""1""},{""deviceId"":""B0201623"",""IMEI"":""860466063288585"",""ICCID"":""8966044925100049766"",""IMSI"":""520043600677211"",""prodStatus"":""PROD"",""prodDate"":""20260320174101"",""sendDate"":""20260321083211"",""typeStatus"":""OK"",""NGdate"":null,""NGRECBY"":null,""replacedDevice"":null,""active"":""1""},{""deviceId"":""B0202905"",""IMEI"":""860466063269544"",""ICCID"":""8966044925100036946"",""IMSI"":""520043600675929"",""prodStatus"":""PROD"",""prodDate"":""20260320182511"",""sendDate"":""20260321083211"",""typeStatus"":""OK"",""NGdate"":null,""NGRECBY"":null,""replacedDevice"":null,""active"":""1""},{""deviceId"":""B0202624"",""IMEI"":""860466063287207"",""ICCID"":""8966044925100039791"",""IMSI"":""520043600676214"",""prodStatus"":""PROD"",""prodDate"":""20260320182529"",""sendDate"":""20260321083211"",""typeStatus"":""OK"",""NGdate"":null,""NGRECBY"":null,""replacedDevice"":null,""active"":""1""},{""deviceId"":""B0202995"",""IMEI"":""860466063268827"",""ICCID"":""8966044925100036045"",""IMSI"":""520043600675839"",""prodStatus"":""PROD"",""prodDate"":""20260320182544"",""sendDate"":""20260321083211"",""typeStatus"":""OK"",""NGdate"":null,""NGRECBY"":null,""replacedDevice"":null,""active"":""1""},{""deviceId"":""B0200626"",""IMEI"":""860466063268488"",""ICCID"":""8966044925100059740"",""IMSI"":""520043600678209"",""prodStatus"":""PROD"",""prodDate"":""20260320182556"",""sendDate"":""20260321083211"",""typeStatus"":""OK"",""NGdate"":null,""NGRECBY"":null,""replacedDevice"":null,""active"":""1""},{""deviceId"":""B0203304"",""IMEI"":""860466063268819"",""ICCID"":""8966044925100032994"",""IMSI"":""520043600675534"",""prodStatus"":""PROD"",""prodDate"":""20260320182608"",""sendDate"":""20260321083211"",""typeStatus"":""OK"",""NGdate"":null,""NGRECBY"":null,""replacedDevice"":null,""active"":""1""},{""deviceId"":""B0200915"",""IMEI"":""860466063268777"",""ICCID"":""8966044925100056878"",""IMSI"":""520043600677922"",""prodStatus"":""PROD"",""prodDate"":""20260320182622"",""sendDate"":""20260321083211"",""typeStatus"":""OK"",""NGdate"":null,""NGRECBY"":null,""replacedDevice"":null,""active"":""1""},{""deviceId"":""B0203349"",""IMEI"":""860466063287165"",""ICCID"":""8966044925100032523"",""IMSI"":""520043600675487"",""prodStatus"":""PROD"",""prodDate"":""20260320182636"",""sendDate"":""20260321083211"",""typeStatus"":""OK"",""NGdate"":null,""NGRECBY"":null,""replacedDevice"":null,""active"":""1""},{""deviceId"":""B0203262"",""IMEI"":""860466063287249"",""ICCID"":""8966044925100033414"",""IMSI"":""520043600675576"",""prodStatus"":""PROD"",""prodDate"":""20260320182649"",""sendDate"":""20260321083211"",""typeStatus"":""OK"",""NGdate"":null,""NGRECBY"":null,""replacedDevice"":null,""active"":""1""},{""deviceId"":""B0203061"",""IMEI"":""860466063287173"",""ICCID"":""8966044925100035401"",""IMSI"":""520043600675775"",""prodStatus"":""PROD"",""prodDate"":""20260320182704"",""sendDate"":""20260321083211"",""typeStatus"":""OK"",""NGdate"":null,""NGRECBY"":null,""replacedDevice"":null,""active"":""1""},{""deviceId"":""B0200724"",""IMEI"":""860466063268751"",""ICCID"":""8966044925100058767"",""IMSI"":""520043600678111"",""prodStatus"":""PROD"",""prodDate"":""20260320182716"",""sendDate"":""20260321083211"",""typeStatus"":""OK"",""NGdate"":null,""NGRECBY"":null,""replacedDevice"":null,""active"":""1""},{""deviceId"":""B0201210"",""IMEI"":""860466063287710"",""ICCID"":""8966044925100053917"",""IMSI"":""520043600677626"",""prodStatus"":""PROD"",""prodDate"":""20260320182809"",""sendDate"":""20260321083211"",""typeStatus"":""OK"",""NGdate"":null,""NGRECBY"":null,""replacedDevice"":null,""active"":""1""},{""deviceId"":""B0201867"",""IMEI"":""860466063267977"",""ICCID"":""8966044925100047323"",""IMSI"":""520043600676967"",""prodStatus"":""PROD"",""prodDate"":""20260320182822"",""sendDate"":""20260321083211"",""typeStatus"":""OK"",""NGdate"":null,""NGRECBY"":null,""replacedDevice"":null,""active"":""1""},{""deviceId"":""B0202119"",""IMEI"":""860466063287678"",""ICCID"":""8966044925100044825"",""IMSI"":""520043600676717"",""prodStatus"":""PROD"",""prodDate"":""20260320182835"",""sendDate"":""20260321083211"",""typeStatus"":""OK"",""NGdate"":null,""NGRECBY"":null,""replacedDevice"":null,""active"":""1""},{""deviceId"":""B0202884"",""IMEI"":""860466063287645"",""ICCID"":""8966044925100037175"",""IMSI"":""520043600675952"",""prodStatus"":""PROD"",""prodDate"":""20260320182904"",""sendDate"":""20260321083211"",""typeStatus"":""OK"",""NGdate"":null,""NGRECBY"":null,""replacedDevice"":null,""active"":""1""},{""deviceId"":""B0201839"",""IMEI"":""860466063287603"",""ICCID"":""8966044925100047604"",""IMSI"":""520043600676995"",""prodStatus"":""PROD"",""prodDate"":""20260320182917"",""sendDate"":""20260321083211"",""typeStatus"":""OK"",""NGdate"":null,""NGRECBY"":null,""replacedDevice"":null,""active"":""1""},{""deviceId"":""B0202090"",""IMEI"":""860466063269221"",""ICCID"":""8966044925100045137"",""IMSI"":""520043600676748"",""prodStatus"":""PROD"",""prodDate"":""20260320182929"",""sendDate"":""20260321083211"",""typeStatus"":""OK"",""NGdate"":null,""NGRECBY"":null,""replacedDevice"":null,""active"":""1""},{""deviceId"":""B0201840"",""IMEI"":""860466063269213"",""ICCID"":""8966044925100047612"",""IMSI"":""520043600676996"",""prodStatus"":""PROD"",""prodDate"":""20260320182945"",""sendDate"":""20260321083211"",""typeStatus"":""OK"",""NGdate"":null,""NGRECBY"":null,""replacedDevice"":null,""active"":""1""},{""deviceId"":""B0203287"",""IMEI"":""860466063287629"",""ICCID"":""8966044925100033141"",""IMSI"":""520043600675549"",""prodStatus"":""PROD"",""prodDate"":""20260320182957"",""sendDate"":""20260321083211"",""typeStatus"":""OK"",""NGdate"":null,""NGRECBY"":null,""replacedDevice"":null,""active"":""1""},{""deviceId"":""B0201160"",""IMEI"":""860466063287702"",""ICCID"":""8966044925100054410"",""IMSI"":""520043600677676"",""prodStatus"":""PROD"",""prodDate"":""20260320183011"",""sendDate"":""20260321083211"",""typeStatus"":""OK"",""NGdate"":null,""NGRECBY"":null,""replacedDevice"":null,""active"":""1""},{""deviceId"":""B0202825"",""IMEI"":""860466063287652"",""ICCID"":""8966044925100037746"",""IMSI"":""520043600676009"",""prodStatus"":""PROD"",""prodDate"":""20260320183024"",""sendDate"":""20260321083211"",""typeStatus"":""OK"",""NGdate"":null,""NGRECBY"":null,""replacedDevice"":null,""active"":""1""},{""deviceId"":""B0202842"",""IMEI"":""860466063269262"",""ICCID"":""8966044925100037597"",""IMSI"":""520043600675994"",""prodStatus"":""PROD"",""prodDate"":""20260320183114"",""sendDate"":""20260321083211"",""typeStatus"":""OK"",""NGdate"":null,""NGRECBY"":null,""replacedDevice"":null,""active"":""1""},{""deviceId"":""B0202097"",""IMEI"":""860466063287694"",""ICCID"":""8966044925100045046"",""IMSI"":""520043600676739"",""prodStatus"":""PROD"",""prodDate"":""20260320183131"",""sendDate"":""20260321083211"",""typeStatus"":""OK"",""NGdate"":null,""NGRECBY"":null,""replacedDevice"":null,""active"":""1""},{""deviceId"":""B0202636"",""IMEI"":""860466063269197"",""ICCID"":""8966044925100039676"",""IMSI"":""520043600676202"",""prodStatus"":""PROD"",""prodDate"":""20260320183143"",""sendDate"":""20260321083211"",""typeStatus"":""OK"",""NGdate"":null,""NGRECBY"":null,""replacedDevice"":null,""active"":""1""},{""deviceId"":""B0201341"",""IMEI"":""860466063287660"",""ICCID"":""8966044925100052588"",""IMSI"":""520043600677493"",""prodStatus"":""PROD"",""prodDate"":""20260320183154"",""sendDate"":""20260321083211"",""typeStatus"":""OK"",""NGdate"":null,""NGRECBY"":null,""replacedDevice"":null,""active"":""1""},{""deviceId"":""B0202139"",""IMEI"":""860466063269239"",""ICCID"":""8966044925100044643"",""IMSI"":""520043600676699"",""prodStatus"":""PROD"",""prodDate"":""20260320183206"",""sendDate"":""20260321083211"",""typeStatus"":""OK"",""NGdate"":null,""NGRECBY"":null,""replacedDevice"":null,""active"":""1""},{""deviceId"":""B0202982"",""IMEI"":""860466063287371"",""ICCID"":""8966044925100036193"",""IMSI"":""520043600675854"",""prodStatus"":""PROD"",""prodDate"":""20260320183221"",""sendDate"":""20260321083211"",""typeStatus"":""OK"",""NGdate"":null,""NGRECBY"":null,""replacedDevice"":null,""active"":""1""},{""deviceId"":""B0201956"",""IMEI"":""860466063269270"",""ICCID"":""8966044925100046457"",""IMSI"":""520043600676880"",""prodStatus"":""PROD"",""prodDate"":""20260320183239"",""sendDate"":""20260321083211"",""typeStatus"":""OK"",""NGdate"":null,""NGRECBY"":null,""replacedDevice"":null,""active"":""1""},{""deviceId"":""B0202869"",""IMEI"":""860466063287454"",""ICCID"":""8966044925100037308"",""IMSI"":""520043600675965"",""prodStatus"":""PROD"",""prodDate"":""20260320183251"",""sendDate"":""20260321083211"",""typeStatus"":""OK"",""NGdate"":null,""NGRECBY"":null,""replacedDevice"":null,""active"":""1""},{""deviceId"":""B0203177"",""IMEI"":""860466063287595"",""ICCID"":""8966044925100034248"",""IMSI"":""520043600675659"",""prodStatus"":""PROD"",""prodDate"":""20260320183304"",""sendDate"":""20260321083211"",""typeStatus"":""OK"",""NGdate"":null,""NGRECBY"":null,""replacedDevice"":null,""active"":""1""},{""deviceId"":""B0200383"",""IMEI"":""860466063270450"",""ICCID"":""8966044925100073832"",""IMSI"":""520043600679618"",""prodStatus"":""PROD"",""prodDate"":""20260320183318"",""sendDate"":""20260321083211"",""typeStatus"":""OK"",""NGdate"":null,""NGRECBY"":null,""replacedDevice"":null,""active"":""1""},{""deviceId"":""B0202895"",""IMEI"":""860466063286993"",""ICCID"":""8966044925100037043"",""IMSI"":""520043600675939"",""prodStatus"":""PROD"",""prodDate"":""20260320183417"",""sendDate"":""20260321083211"",""typeStatus"":""OK"",""NGdate"":null,""NGRECBY"":null,""replacedDevice"":null,""active"":""1""},{""deviceId"":""B0202717"",""IMEI"":""860466063287033"",""ICCID"":""8966044925100038843"",""IMSI"":""520043600676119"",""prodStatus"":""PROD"",""prodDate"":""20260320183428"",""sendDate"":""20260321083211"",""typeStatus"":""OK"",""NGdate"":null,""NGRECBY"":null,""replacedDevice"":null,""active"":""1""},{""deviceId"":""B0202389"",""IMEI"":""860466063268686"",""ICCID"":""8966044925100042100"",""IMSI"":""520043600676445"",""prodStatus"":""PROD"",""prodDate"":""20260320183441"",""sendDate"":""20260321083211"",""typeStatus"":""OK"",""NGdate"":null,""NGRECBY"":null,""replacedDevice"":null,""active"":""1""},{""deviceId"":""B0203101"",""IMEI"":""860466063287116"",""ICCID"":""8966044925100035005"",""IMSI"":""520043600675735"",""prodStatus"":""PROD"",""prodDate"":""20260320183456"",""sendDate"":""20260321083211"",""typeStatus"":""OK"",""NGdate"":null,""NGRECBY"":null,""replacedDevice"":null,""active"":""1""},{""deviceId"":""B0202089"",""IMEI"":""860466063269254"",""ICCID"":""8966044925100045129"",""IMSI"":""520043600676747"",""prodStatus"":""PROD"",""prodDate"":""20260320183508"",""sendDate"":""20260321083211"",""typeStatus"":""OK"",""NGdate"":null,""NGRECBY"":null,""replacedDevice"":null,""active"":""1""},{""deviceId"":""B0201419"",""IMEI"":""860466063268652"",""ICCID"":""8966044925100051804"",""IMSI"":""520043600677415"",""prodStatus"":""PROD"",""prodDate"":""20260320183521"",""sendDate"":""20260321083211"",""typeStatus"":""OK"",""NGdate"":null,""NGRECBY"":null,""replacedDevice"":null,""active"":""1""},{""deviceId"":""B0202506"",""IMEI"":""860466063287017"",""ICCID"":""8966044925100040955"",""IMSI"":""520043600676330"",""prodStatus"":""PROD"",""prodDate"":""20260320183533"",""sendDate"":""20260321083211"",""typeStatus"":""OK"",""NGdate"":null,""NGRECBY"":null,""replacedDevice"":null,""active"":""1""},{""deviceId"":""B0202975"",""IMEI"":""860466063268629"",""ICCID"":""8966044925100036243"",""IMSI"":""520043600675859"",""prodStatus"":""PROD"",""prodDate"":""20260320183558"",""sendDate"":""20260321083211"",""typeStatus"":""OK"",""NGdate"":null,""NGRECBY"":null,""replacedDevice"":null,""active"":""1""},{""deviceId"":""B0203310"",""IMEI"":""860466063268694"",""ICCID"":""8966044925100032937"",""IMSI"":""520043600675528"",""prodStatus"":""PROD"",""prodDate"":""20260320183611"",""sendDate"":""20260321083211"",""typeStatus"":""OK"",""NGdate"":null,""NGRECBY"":null,""replacedDevice"":null,""active"":""1""},{""deviceId"":""B0201552"",""IMEI"":""860466063268223"",""ICCID"":""8966044925100050491"",""IMSI"":""520043600677284"",""prodStatus"":""PROD"",""prodDate"":""20260320183630"",""sendDate"":""20260321083211"",""typeStatus"":""OK"",""NGdate"":null,""NGRECBY"":null,""replacedDevice"":null,""active"":""1""},{""deviceId"":""B0200731"",""IMEI"":""860466063268926"",""ICCID"":""8966044925100058676"",""IMSI"":""520043600678102"",""prodStatus"":""PROD"",""prodDate"":""20260320183954"",""sendDate"":""20260321083211"",""typeStatus"":""OK"",""NGdate"":null,""NGRECBY"":null,""replacedDevice"":null,""active"":""1""},{""deviceId"":""B0201093"",""IMEI"":""860466063287223"",""ICCID"":""8966044925100055060"",""IMSI"":""520043600677741"",""prodStatus"":""PROD"",""prodDate"":""20260320184006"",""sendDate"":""20260321083211"",""typeStatus"":""OK"",""NGdate"":null,""NGRECBY"":null,""replacedDevice"":null,""active"":""1""},{""deviceId"":""B0201902"",""IMEI"":""860466063287439"",""ICCID"":""8966044925100046994"",""IMSI"":""520043600676934"",""prodStatus"":""PROD"",""prodDate"":""20260320184018"",""sendDate"":""20260321083211"",""typeStatus"":""OK"",""NGdate"":null,""NGRECBY"":null,""replacedDevice"":null,""active"":""1""},{""deviceId"":""B0203163"",""IMEI"":""860466063268835"",""ICCID"":""8966044925100034388"",""IMSI"":""520043600675673"",""prodStatus"":""PROD"",""prodDate"":""20260320184029"",""sendDate"":""20260321083211"",""typeStatus"":""OK"",""NGdate"":null,""NGRECBY"":null,""replacedDevice"":null,""active"":""1""},{""deviceId"":""B0201376"",""IMEI"":""860466063286829"",""ICCID"":""8966044925100052257"",""IMSI"":""520043600677460"",""prodStatus"":""PROD"",""prodDate"":""20260320184041"",""sendDate"":""20260321083211"",""typeStatus"":""OK"",""NGdate"":null,""NGRECBY"":null,""replacedDevice"":null,""active"":""1""},{""deviceId"":""B0202858"",""IMEI"":""860466063268066"",""ICCID"":""8966044925100037431"",""IMSI"":""520043600675978"",""prodStatus"":""PROD"",""prodDate"":""20260320184057"",""sendDate"":""20260321083211"",""typeStatus"":""OK"",""NGdate"":null,""NGRECBY"":null,""replacedDevice"":null,""active"":""1""},{""deviceId"":""B0201150"",""IMEI"":""860466063268157"",""ICCID"":""8966044925100054519"",""IMSI"":""520043600677686"",""prodStatus"":""PROD"",""prodDate"":""20260320184114"",""sendDate"":""20260321083211"",""typeStatus"":""OK"",""NGdate"":null,""NGRECBY"":null,""replacedDevice"":null,""active"":""1""},{""deviceId"":""B0200954"",""IMEI"":""860466063268199"",""ICCID"":""8966044925100056530"",""IMSI"":""520043600677888"",""prodStatus"":""PROD"",""prodDate"":""20260320184127"",""sendDate"":""20260321083211"",""typeStatus"":""OK"",""NGdate"":null,""NGRECBY"":null,""replacedDevice"":null,""active"":""1""},{""deviceId"":""B0202749"",""IMEI"":""860466063286563"",""ICCID"":""8966044925100038520"",""IMSI"":""520043600676087"",""prodStatus"":""PROD"",""prodDate"":""20260320184142"",""sendDate"":""20260321083211"",""typeStatus"":""OK"",""NGdate"":null,""NGRECBY"":null,""replacedDevice"":null,""active"":""1""},{""deviceId"":""B0202663"",""IMEI"":""860466063286555"",""ICCID"":""8966044925100039387"",""IMSI"":""520043600676173"",""prodStatus"":""PROD"",""prodDate"":""20260320184158"",""sendDate"":""20260321083211"",""typeStatus"":""OK"",""NGdate"":null,""NGRECBY"":null,""replacedDevice"":null,""active"":""1""},{""deviceId"":""B0201624"",""IMEI"":""860466063286621"",""ICCID"":""8966044925100049774"",""IMSI"":""520043600677212"",""prodStatus"":""PROD"",""prodDate"":""20260320184250"",""sendDate"":""20260321083211"",""typeStatus"":""OK"",""NGdate"":null,""NGRECBY"":null,""replacedDevice"":null,""active"":""1""},{""deviceId"":""B0201903"",""IMEI"":""860466063268041"",""ICCID"":""8966044925100046960"",""IMSI"":""520043600676931"",""prodStatus"":""PROD"",""prodDate"":""20260320184302"",""sendDate"":""20260321083211"",""typeStatus"":""OK"",""NGdate"":null,""NGRECBY"":null,""replacedDevice"":null,""active"":""1""},{""deviceId"":""B0201888"",""IMEI"":""860466063268108"",""ICCID"":""8966044925100047133"",""IMSI"":""520043600676948"",""prodStatus"":""PROD"",""prodDate"":""20260320184314"",""sendDate"":""20260321083211"",""typeStatus"":""OK"",""NGdate"":null,""NGRECBY"":null,""replacedDevice"":null,""active"":""1""},{""deviceId"":""B0201723"",""IMEI"":""860466063286548"",""ICCID"":""8966044925100048768"",""IMSI"":""520043600677111"",""prodStatus"":""PROD"",""prodDate"":""20260320184329"",""sendDate"":""20260321083211"",""typeStatus"":""OK"",""NGdate"":null,""NGRECBY"":null,""replacedDevice"":null,""active"":""1""},{""deviceId"":""B0203172"",""IMEI"":""860466063286571"",""ICCID"":""8966044925100034313"",""IMSI"":""520043600675666"",""prodStatus"":""PROD"",""prodDate"":""20260320184341"",""sendDate"":""20260321083211"",""typeStatus"":""OK"",""NGdate"":null,""NGRECBY"":null,""replacedDevice"":null,""active"":""1""},{""deviceId"":""B0200388"",""IMEI"":""860466063288908"",""ICCID"":""8966044925100073808"",""IMSI"":""520043600679615"",""prodStatus"":""PROD"",""prodDate"":""20260320184358"",""sendDate"":""20260321083211"",""typeStatus"":""OK"",""NGdate"":null,""NGRECBY"":null,""replacedDevice"":null,""active"":""1""},{""deviceId"":""B0200281"",""IMEI"":""860466063270526"",""ICCID"":""8966044925100074855"",""IMSI"":""520043600679720"",""prodStatus"":""PROD"",""prodDate"":""20260320184411"",""sendDate"":""20260321083211"",""typeStatus"":""OK"",""NGdate"":null,""NGRECBY"":null,""replacedDevice"":null,""active"":""1""},{""deviceId"":""B0200369"",""IMEI"":""860466063270500"",""ICCID"":""8966044925100073972"",""IMSI"":""520043600679632"",""prodStatus"":""PROD"",""prodDate"":""20260320184425"",""sendDate"":""20260321083211"",""typeStatus"":""OK"",""NGdate"":null,""NGRECBY"":null,""replacedDevice"":null,""active"":""1""},{""deviceId"":""B0201665"",""IMEI"":""860466063270229"",""ICCID"":""8966044925100049345"",""IMSI"":""520043600677169"",""prodStatus"":""PROD"",""prodDate"":""20260320184442"",""sendDate"":""20260321083211"",""typeStatus"":""OK"",""NGdate"":null,""NGRECBY"":null,""replacedDevice"":null,""active"":""1""},{""deviceId"":""B0202883"",""IMEI"":""860466063288940"",""ICCID"":""8966044925100037167"",""IMSI"":""520043600675951"",""prodStatus"":""PROD"",""prodDate"":""20260320184456"",""sendDate"":""20260321083211"",""typeStatus"":""OK"",""NGdate"":null,""NGRECBY"":null,""replacedDevice"":null,""active"":""1""},{""deviceId"":""B0201138"",""IMEI"":""860466063268090"",""ICCID"":""8966044925100054634"",""IMSI"":""520043600677698"",""prodStatus"":""PROD"",""prodDate"":""20260320184607"",""sendDate"":""20260321083211"",""typeStatus"":""OK"",""NGdate"":null,""NGRECBY"":null,""replacedDevice"":null,""active"":""1""},{""deviceId"":""B0203022"",""IMEI"":""860466063286589"",""ICCID"":""8966044925100035799"",""IMSI"":""520043600675814"",""prodStatus"":""PROD"",""prodDate"":""20260320184619"",""sendDate"":""20260321083211"",""typeStatus"":""OK"",""NGdate"":null,""NGRECBY"":null,""replacedDevice"":null,""active"":""1""},{""deviceId"":""B0201361"",""IMEI"":""860466063268215"",""ICCID"":""8966044925100052380"",""IMSI"":""520043600677473"",""prodStatus"":""PROD"",""prodDate"":""20260320184630"",""sendDate"":""20260321083211"",""typeStatus"":""OK"",""NGdate"":null,""NGRECBY"":null,""replacedDevice"":null,""active"":""1""},{""deviceId"":""B0203247"",""IMEI"":""860466063286530"",""ICCID"":""8966044925100033547"",""IMSI"":""520043600675589"",""prodStatus"":""PROD"",""prodDate"":""20260320184645"",""sendDate"":""20260321083211"",""typeStatus"":""OK"",""NGdate"":null,""NGRECBY"":null,""replacedDevice"":null,""active"":""1""},{""deviceId"":""B0203019"",""IMEI"":""860466063286498"",""ICCID"":""8966044925100035807"",""IMSI"":""520043600675815"",""prodStatus"":""PROD"",""prodDate"":""20260320184701"",""sendDate"":""20260321083211"",""typeStatus"":""OK"",""NGdate"":null,""NGRECBY"":null,""replacedDevice"":null,""active"":""1""},{""deviceId"":""B0200065"",""IMEI"":""860466063286407"",""ICCID"":""8966044925100077650"",""IMSI"":""520043600680000"",""prodStatus"":""PROD"",""prodDate"":""20260320184713"",""sendDate"":""20260321083211"",""typeStatus"":""OK"",""NGdate"":null,""NGRECBY"":null,""replacedDevice"":null,""active"":""1""},{""deviceId"":""B0202942"",""IMEI"":""860466063286613"",""ICCID"":""8966044925100036599"",""IMSI"":""520043600675894"",""prodStatus"":""PROD"",""prodDate"":""20260320184730"",""sendDate"":""20260321083211"",""typeStatus"":""OK"",""NGdate"":null,""NGRECBY"":null,""replacedDevice"":null,""active"":""1""},{""deviceId"":""B0202738"",""IMEI"":""860466063286522"",""ICCID"":""8966044925100038652"",""IMSI"":""520043600676100"",""prodStatus"":""PROD"",""prodDate"":""20260320184742"",""sendDate"":""20260321083211"",""typeStatus"":""OK"",""NGdate"":null,""NGRECBY"":null,""replacedDevice"":null,""active"":""1""},{""deviceId"":""B0101680"",""IMEI"":""860466063268140"",""ICCID"":""8966044225100073233"",""IMSI"":""520043600664558"",""prodStatus"":""PROD"",""prodDate"":""20260320184756"",""sendDate"":""20260321083211"",""typeStatus"":""OK"",""NGdate"":null,""NGRECBY"":null,""replacedDevice"":null,""active"":""1""},{""deviceId"":""B0203238"",""IMEI"":""860466063286605"",""ICCID"":""8966044925100033653"",""IMSI"":""520043600675600"",""prodStatus"":""PROD"",""prodDate"":""20260320184813"",""sendDate"":""20260321083211"",""typeStatus"":""OK"",""NGdate"":null,""NGRECBY"":null,""replacedDevice"":null,""active"":""1""},{""deviceId"":""B0202176"",""IMEI"":""860466063287959"",""ICCID"":""8966044925100044296"",""IMSI"":""520043600676664"",""prodStatus"":""PROD"",""prodDate"":""20260320184903"",""sendDate"":""20260321083211"",""typeStatus"":""OK"",""NGdate"":null,""NGRECBY"":null,""replacedDevice"":null,""active"":""1""},{""deviceId"":""B0202903"",""IMEI"":""860466063287736"",""ICCID"":""8966044925100036961"",""IMSI"":""520043600675931"",""prodStatus"":""PROD"",""prodDate"":""20260320184916"",""sendDate"":""20260321083211"",""typeStatus"":""OK"",""NGdate"":null,""NGRECBY"":null,""replacedDevice"":null,""active"":""1""},{""deviceId"":""B0202099"",""IMEI"":""860466063287744"",""ICCID"":""8966044925100045020"",""IMSI"":""520043600676737"",""prodStatus"":""PROD"",""prodDate"":""20260320184927"",""sendDate"":""20260321083211"",""typeStatus"":""OK"",""NGdate"":null,""NGRECBY"":null,""replacedDevice"":null,""active"":""1""},{""deviceId"":""B0201554"",""IMEI"":""860466063269551"",""ICCID"":""8966044925100050475"",""IMSI"":""520043600677282"",""prodStatus"":""PROD"",""prodDate"":""20260320184940"",""sendDate"":""20260321083211"",""typeStatus"":""OK"",""NGdate"":null,""NGRECBY"":null,""replacedDevice"":null,""active"":""1""},{""deviceId"":""B0200396"",""IMEI"":""860466063287975"",""ICCID"":""8966044925100073725"",""IMSI"":""520043600679607"",""prodStatus"":""PROD"",""prodDate"":""20260320184956"",""sendDate"":""20260321083211"",""typeStatus"":""OK"",""NGdate"":null,""NGRECBY"":null,""replacedDevice"":null,""active"":""1""},{""deviceId"":""B0201493"",""IMEI"":""860466063268983"",""ICCID"":""8966044925100051069"",""IMSI"":""520043600677341"",""prodStatus"":""PROD"",""prodDate"":""20260320185008"",""sendDate"":""20260321083211"",""typeStatus"":""OK"",""NGdate"":null,""NGRECBY"":null,""replacedDevice"":null,""active"":""1""},{""deviceId"":""B0202912"",""IMEI"":""860466063269486"",""ICCID"":""8966044925100036896"",""IMSI"":""520043600675924"",""prodStatus"":""PROD"",""prodDate"":""20260320185025"",""sendDate"":""20260321083211"",""typeStatus"":""OK"",""NGdate"":null,""NGRECBY"":null,""replacedDevice"":null,""active"":""1""},{""deviceId"":""B0203040"",""IMEI"":""860466063269478"",""ICCID"":""8966044925100030030"",""IMSI"":""520043600675238"",""prodStatus"":""PROD"",""prodDate"":""20260320185038"",""sendDate"":""202603210832 | E4: {""statusCode"":""000"",""message"":""Successful completion"",""countInsert"":164,""countUpdate"":0}
A5: 2 | D5: 11"",""typeStatus"":""OK"",""NGdate"":null,""NGRECBY"":null,""replacedDevice"":null,""active"":""1""},{""deviceId"":""B0201223"",""IMEI"":""860466063287991"",""ICCID"":""8966044925100053768"",""IMSI"":""520043600677611"",""prodStatus"":""PROD"",""prodDate"":""20260320185051"",""sendDate"":""20260321083211"",""typeStatus"":""OK"",""NGdate"":null,""NGRECBY"":null,""replacedDevice"":null,""active"":""1""},{""deviceId"":""B0202850"",""IMEI"":""860466063287082"",""ICCID"":""8966044925100037514"",""IMSI"":""520043600675986"",""prodStatus"":""PROD"",""prodDate"":""20260320185106"",""sendDate"":""20260321083211"",""typeStatus"":""OK"",""NGdate"":null,""NGRECBY"":null,""replacedDevice"":null,""active"":""1""},{""deviceId"":""B0202988"",""IMEI"":""860466063269007"",""ICCID"":""8966044925100036136"",""IMSI"":""520043600675848"",""prodStatus"":""PROD"",""prodDate"":""20260320185503"",""sendDate"":""20260321083211"",""typeStatus"":""OK"",""NGdate"":null,""NGRECBY"":null,""replacedDevice"":null,""active"":""1""},{""deviceId"":""B0201250"",""IMEI"":""860466063287298"",""ICCID"":""8966044925100053511"",""IMSI"":""520043600677586"",""prodStatus"":""PROD"",""prodDate"":""20260320185517"",""sendDate"":""20260321083211"",""typeStatus"":""OK"",""NGdate"":null,""NGRECBY"":null,""replacedDevice"":null,""active"":""1""},{""deviceId"":""B0202951"",""IMEI"":""860466063268843"",""ICCID"":""8966044925100036482"",""IMSI"":""520043600675883"",""prodStatus"":""PROD"",""prodDate"":""20260320185529"",""sendDate"":""20260321083211"",""typeStatus"":""OK"",""NGdate"":null,""NGRECBY"":null,""replacedDevice"":null,""active"":""1""},{""deviceId"":""B0202513"",""IMEI"":""860466063287272"",""ICCID"":""8966044925100040864"",""IMSI"":""520043600676321"",""prodStatus"":""PROD"",""prodDate"":""20260320185544"",""sendDate"":""20260321083211"",""typeStatus"":""OK"",""NGdate"":null,""NGRECBY"":null,""replacedDevice"":null,""active"":""1""},{""deviceId"":""B0203296"",""IMEI"":""860466063287447"",""ICCID"":""8966044925100033075"",""IMSI"":""520043600675542"",""prodStatus"":""PROD"",""prodDate"":""20260320185557"",""sendDate"":""20260321083211"",""typeStatus"":""OK"",""NGdate"":null,""NGRECBY"":null,""replacedDevice"":null,""active"":""1""},{""deviceId"":""B0201149"",""IMEI"":""860466063287538"",""ICCID"":""8966044925100054501"",""IMSI"":""520043600677685"",""prodStatus"":""PROD"",""prodDate"":""20260320185614"",""sendDate"":""20260321083211"",""typeStatus"":""OK"",""NGdate"":null,""NGRECBY"":null,""replacedDevice"":null,""active"":""1""},{""deviceId"":""B0202220"",""IMEI"":""860466063287561"",""ICCID"":""8966044925100043819"",""IMSI"":""520043600676616"",""prodStatus"":""PROD"",""prodDate"":""20260320185628"",""sendDate"":""20260321083211"",""typeStatus"":""OK"",""NGdate"":null,""NGRECBY"":null,""replacedDevice"":null,""active"":""1""},{""deviceId"":""B0202836"",""IMEI"":""860466063287520"",""ICCID"":""8966044925100037654"",""IMSI"":""520043600676000"",""prodStatus"":""PROD"",""prodDate"":""20260320185641"",""sendDate"":""20260321083211"",""typeStatus"":""OK"",""NGdate"":null,""NGRECBY"":null,""replacedDevice"":null,""active"":""1""},{""deviceId"":""B0202664"",""IMEI"":""860466063287579"",""ICCID"":""8966044925100039395"",""IMSI"":""520043600676174"",""prodStatus"":""PROD"",""prodDate"":""20260320185700"",""sendDate"":""20260321083211"",""typeStatus"":""OK"",""NGdate"":null,""NGRECBY"":null,""replacedDevice"":null,""active"":""1""},{""deviceId"":""B0202250"",""IMEI"":""860466063287546"",""ICCID"":""8966044925100043512"",""IMSI"":""520043600676586"",""prodStatus"":""PROD"",""prodDate"":""20260320185714"",""sendDate"":""20260321083211"",""typeStatus"":""OK"",""NGdate"":null,""NGRECBY"":null,""replacedDevice"":null,""active"":""1""},{""deviceId"":""B0202213"",""IMEI"":""860466063269106"",""ICCID"":""8966044925100043868"",""IMSI"":""520043600676621"",""prodStatus"":""PROD"",""prodDate"":""20260320185815"",""sendDate"":""20260321083211"",""typeStatus"":""OK"",""NGdate"":null,""NGRECBY"":null,""replacedDevice"":null,""active"":""1""},{""deviceId"":""B0201537"",""IMEI"":""860466063269098"",""ICCID"":""8966044925100050624"",""IMSI"":""520043600677297"",""prodStatus"":""PROD"",""prodDate"":""20260320185827"",""sendDate"":""20260321083211"",""typeStatus"":""OK"",""NGdate"":null,""NGRECBY"":null,""replacedDevice"":null,""active"":""1""},{""deviceId"":""B0203213"",""IMEI"":""860466063287512"",""ICCID"":""8966044925100033885"",""IMSI"":""520043600675623"",""prodStatus"":""PROD"",""prodDate"":""20260320185838"",""sendDate"":""20260321083211"",""typeStatus"":""OK"",""NGdate"":null,""NGRECBY"":null,""replacedDevice"":null,""active"":""1""},{""deviceId"":""B0201684"",""IMEI"":""860466063268942"",""ICCID"":""8966044925100049170"",""IMSI"":""520043600677152"",""prodStatus"":""PROD"",""prodDate"":""20260320185851"",""sendDate"":""20260321083211"",""typeStatus"":""OK"",""NGdate"":null,""NGRECBY"":null,""replacedDevice"":null,""active"":""1""},{""deviceId"":""B0201500"",""IMEI"":""860466063287637"",""ICCID"":""8966044925100051010"",""IMSI"":""520043600677336"",""prodStatus"":""PROD"",""prodDate"":""20260320185903"",""sendDate"":""20260321083211"",""typeStatus"":""OK"",""NGdate"":null,""NGRECBY"":null,""replacedDevice"":null,""active"":""1""},{""deviceId"":""B0203590"",""IMEI"":""860466063269171"",""ICCID"":""8966044925100030139"",""IMSI"":""520043600675248"",""prodStatus"":""PROD"",""prodDate"":""20260320185919"",""sendDate"":""20260321083211"",""typeStatus"":""OK"",""NGdate"":null,""NGRECBY"":null,""replacedDevice"":null,""active"":""1""},{""deviceId"":""B0203206"",""IMEI"":""860466063269163"",""ICCID"":""8966044925100033976"",""IMSI"":""520043600675632"",""prodStatus"":""PROD"",""prodDate"":""20260320185932"",""sendDate"":""20260321083211"",""typeStatus"":""OK"",""NGdate"":null,""NGRECBY"":null,""replacedDevice"":null,""active"":""1""},{""deviceId"":""B0202892"",""IMEI"":""860466063269080"",""ICCID"":""8966044925100037092"",""IMSI"":""520043600675944"",""prodStatus"":""PROD"",""prodDate"":""20260320185946"",""sendDate"":""20260321083211"",""typeStatus"":""OK"",""NGdate"":null,""NGRECBY"":null,""replacedDevice"":null,""active"":""1""},{""deviceId"":""B0203176"",""IMEI"":""860466063269064"",""ICCID"":""8966044925100034271"",""IMSI"":""520043600675662"",""prodStatus"":""PROD"",""prodDate"":""20260320185958"",""sendDate"":""20260321083211"",""typeStatus"":""OK"",""NGdate"":null,""NGRECBY"":null,""replacedDevice"":null,""active"":""1""},{""deviceId"":""B0202823"",""IMEI"":""860466063287611"",""ICCID"":""8966044925100037761"",""IMSI"":""520043600676011"",""prodStatus"":""PROD"",""prodDate"":""20260320190012"",""sendDate"":""20260321083211"",""typeStatus"":""OK"",""NGdate"":null,""NGRECBY"":null,""replacedDevice"":null,""active"":""1""},{""deviceId"":""B0200538"",""IMEI"":""860466063270161"",""ICCID"":""8966044925100072305"",""IMSI"":""520043600679465"",""prodStatus"":""PROD"",""prodDate"":""20260320190116"",""sendDate"":""20260321083211"",""typeStatus"":""OK"",""NGdate"":null,""NGRECBY"":null,""replacedDevice"":null,""active"":""1""},{""deviceId"":""B0202517"",""IMEI"":""860466063288866"",""ICCID"":""8966044925100040823"",""IMSI"":""520043600676317"",""prodStatus"":""PROD"",""prodDate"":""20260320190130"",""sendDate"":""20260321083211"",""typeStatus"":""OK"",""NGdate"":null,""NGRECBY"":null,""replacedDevice"":null,""active"":""1""},{""deviceId"":""B0201229"",""IMEI"":""860466063288817"",""ICCID"":""8966044925100053701"",""IMSI"":""520043600677605"",""prodStatus"":""PROD"",""prodDate"":""20260320190146"",""sendDate"":""20260321083211"",""typeStatus"":""OK"",""NGdate"":null,""NGRECBY"":null,""replacedDevice"":null,""active"":""1""},{""deviceId"":""B0203284"",""IMEI"":""860466063270492"",""ICCID"":""8966044925100033190"",""IMSI"":""520043600675554"",""prodStatus"":""PROD"",""prodDate"":""20260320190158"",""sendDate"":""20260321083211"",""typeStatus"":""OK"",""NGdate"":null,""NGRECBY"":null,""replacedDevice"":null,""active"":""1""},{""deviceId"":""B0200600"",""IMEI"":""860466063270443"",""ICCID"":""8966044925100059989"",""IMSI"":""520043600678233"",""prodStatus"":""PROD"",""prodDate"":""20260320190212"",""sendDate"":""20260321083211"",""typeStatus"":""OK"",""NGdate"":null,""NGRECBY"":null,""replacedDevice"":null,""active"":""1""},{""deviceId"":""B0203169"",""IMEI"":""860466063270385"",""ICCID"":""8966044925100034321"",""IMSI"":""520043600675667"",""prodStatus"":""PROD"",""prodDate"":""20260320190225"",""sendDate"":""20260321083211"",""typeStatus"":""OK"",""NGdate"":null,""NGRECBY"":null,""replacedDevice"":null,""active"":""1""},{""deviceId"":""B0201490"",""IMEI"":""860466063270187"",""ICCID"":""8966044925100051119"",""IMSI"":""520043600677346"",""prodStatus"":""PROD"",""prodDate"":""20260320190239"",""sendDate"":""20260321083211"",""typeStatus"":""OK"",""NGdate"":null,""NGRECBY"":null,""replacedDevice"":null,""active"":""1""},{""deviceId"":""B0201122"",""IMEI"":""860466063288882"",""ICCID"":""8966044925100054790"",""IMSI"":""520043600677714"",""prodStatus"":""PROD"",""prodDate"":""20260320190252"",""sendDate"":""20260321083211"",""typeStatus"":""OK"",""NGdate"":null,""NGRECBY"":null,""replacedDevice"":null,""active"":""1""},{""deviceId"":""B0203338"",""IMEI"":""860466063270468"",""ICCID"":""8966044925100032655"",""IMSI"":""520043600675500"",""prodStatus"":""PROD"",""prodDate"":""20260320190306"",""sendDate"":""20260321083211"",""typeStatus"":""OK"",""NGdate"":null,""NGRECBY"":null,""replacedDevice"":null,""active"":""1""},{""deviceId"":""B0203382"",""IMEI"":""860466063270476"",""ICCID"":""8966044925100032218"",""IMSI"":""520043600675456"",""prodStatus"":""PROD"",""prodDate"":""20260320190321"",""sendDate"":""20260321083211"",""typeStatus"":""OK"",""NGdate"":null,""NGRECBY"":null,""replacedDevice"":null,""active"":""1""},{""deviceId"":""B0202747"",""IMEI"":""860466063267878"",""ICCID"":""8966044925100038546"",""IMSI"":""520043600676089"",""prodStatus"":""PROD"",""prodDate"":""20260320190452"",""sendDate"":""20260321083211"",""typeStatus"":""OK"",""NGdate"":null,""NGRECBY"":null,""replacedDevice"":null,""active"":""1""},{""deviceId"":""B0202750"",""IMEI"":""860466063286167"",""ICCID"":""8966044925100038538"",""IMSI"":""520043600676088"",""prodStatus"":""PROD"",""prodDate"":""20260320190504"",""sendDate"":""20260321083211"",""typeStatus"":""OK"",""NGdate"":null,""NGRECBY"":null,""replacedDevice"":null,""active"":""1""},{""deviceId"":""B0202466"",""IMEI"":""860466063267753"",""ICCID"":""8966044925100041359"",""IMSI"":""520043600676370"",""prodStatus"":""PROD"",""prodDate"":""20260320190521"",""sendDate"":""20260321083211"",""typeStatus"":""OK"",""NGdate"":null,""NGRECBY"":null,""replacedDevice"":null,""active"":""1""},{""deviceId"":""B0201215"",""IMEI"":""860466063286282"",""ICCID"":""8966044925100053842"",""IMSI"":""520043600677619"",""prodStatus"":""PROD"",""prodDate"":""20260320190533"",""sendDate"":""20260321083211"",""typeStatus"":""OK"",""NGdate"":null,""NGRECBY"":null,""replacedDevice"":null,""active"":""1""},{""deviceId"":""B0202182"",""IMEI"":""860466063286159"",""ICCID"":""8966044925100044197"",""IMSI"":""520043600676654"",""prodStatus"":""PROD"",""prodDate"":""20260320190546"",""sendDate"":""20260321083211"",""typeStatus"":""OK"",""NGdate"":null,""NGRECBY"":null,""replacedDevice"":null,""active"":""1""},{""deviceId"":""B0202333"",""IMEI"":""860466063287587"",""ICCID"":""8966044925100042662"",""IMSI"":""520043600676501"",""prodStatus"":""PROD"",""prodDate"":""20260320190601"",""sendDate"":""20260321083211"",""typeStatus"":""OK"",""NGdate"":null,""NGRECBY"":null,""replacedDevice"":null,""active"":""1""},{""deviceId"":""B0203302"",""IMEI"":""860466063268959"",""ICCID"":""8966044925100033018"",""IMSI"":""520043600675536"",""prodStatus"":""PROD"",""prodDate"":""20260320190615"",""sendDate"":""20260321083211"",""typeStatus"":""OK"",""NGdate"":null,""NGRECBY"":null,""replacedDevice"":null,""active"":""1""},{""deviceId"":""B0202223"",""IMEI"":""860466063269122"",""ICCID"":""8966044925100043769"",""IMSI"":""520043600676611"",""prodStatus"":""PROD"",""prodDate"":""20260320190628"",""sendDate"":""20260321083211"",""typeStatus"":""OK"",""NGdate"":null,""NGRECBY"":null,""replacedDevice"":null,""active"":""1""},{""deviceId"":""B0203168"",""IMEI"":""860466063269189"",""ICCID"":""8966044925100034354"",""IMSI"":""520043600675670"",""prodStatus"":""PROD"",""prodDate"":""20260320190643"",""sendDate"":""20260321083211"",""typeStatus"":""OK"",""NGdate"":null,""NGRECBY"":null,""replacedDevice"":null,""active"":""1""},{""deviceId"":""B0203531"",""IMEI"":""860466063269130"",""ICCID"":""8966044925100030204"",""IMSI"":""520043600675255"",""prodStatus"":""PROD"",""prodDate"":""20260320190658"",""sendDate"":""20260321083211"",""typeStatus"":""OK"",""NGdate"":null,""NGRECBY"":null,""replacedDevice"":null,""active"":""1""},{""deviceId"":""B0202687"",""IMEI"":""860466063268991"",""ICCID"":""8966044925100039148"",""IMSI"":""520043600676149"",""prodStatus"":""PROD"",""prodDate"":""20260320190753"",""sendDate"":""20260321083211"",""typeStatus"":""OK"",""NGdate"":null,""NGRECBY"":null,""replacedDevice"":null,""active"":""1""},{""deviceId"":""B0202064"",""IMEI"":""860466063268967"",""ICCID"":""8966044925100045392"",""IMSI"":""520043600676774"",""prodStatus"":""PROD"",""prodDate"":""20260320190805"",""sendDate"":""20260321083211"",""typeStatus"":""OK"",""NGdate"":null,""NGRECBY"":null,""replacedDevice"":null,""active"":""1""},{""deviceId"":""B0200033"",""IMEI"":""860466063287389"",""ICCID"":""8966044925100077304"",""IMSI"":""520043600679965"",""prodStatus"":""PROD"",""prodDate"":""20260320190817"",""sendDate"":""20260321083211"",""typeStatus"":""OK"",""NGdate"":null,""NGRECBY"":null,""replacedDevice"":null,""active"":""1""},{""deviceId"":""B0202673"",""IMEI"":""860466063287181"",""ICCID"":""8966044925100039288"",""IMSI"":""520043600676163"",""prodStatus"":""PROD"",""prodDate"":""20260320190830"",""sendDate"":""20260321083211"",""typeStatus"":""OK"",""NGdate"":null,""NGRECBY"":null,""replacedDevice"":null,""active"":""1""},{""deviceId"":""B0202657"",""IMEI"":""860466063287306"",""ICCID"":""8966044925100039445"",""IMSI"":""520043600676179"",""prodStatus"":""PROD"",""prodDate"":""20260320190848"",""sendDate"":""20260321083211"",""typeStatus"":""OK"",""NGdate"":null,""NGRECBY"":null,""replacedDevice"":null,""active"":""1""},{""deviceId"":""B0202848"",""IMEI"":""860466063287231"",""ICCID"":""8966044925100037530"",""IMSI"":""520043600675988"",""prodStatus"":""PROD"",""prodDate"":""20260320190902"",""sendDate"":""20260321083211"",""typeStatus"":""OK"",""NGdate"":null,""NGRECBY"":null,""replacedDevice"":null,""active"":""1""},{""deviceId"":""B0200502"",""IMEI"":""860466063268710"",""ICCID"":""8966044925100072669"",""IMSI"":""520043600679501"",""prodStatus"":""PROD"",""prodDate"":""20260320190918"",""sendDate"":""20260321083211"",""typeStatus"":""OK"",""NGdate"":null,""NGRECBY"":null,""replacedDevice"":null,""active"":""1""},{""deviceId"":""B0201141"",""IMEI"":""860466063287413"",""ICCID"":""8966044925100054584"",""IMSI"":""520043600677693"",""prodStatus"":""PROD"",""prodDate"":""20260320190930"",""sendDate"":""20260321083211"",""typeStatus"":""OK"",""NGdate"":null,""NGRECBY"":null,""replacedDevice"":null,""active"":""1""},{""deviceId"":""B0201205"",""IMEI"":""860466063287280"",""ICCID"":""8966044925100053941"",""IMSI"":""520043600677629"",""prodStatus"":""PROD"",""prodDate"":""20260320190944"",""sendDate"":""20260321083211"",""typeStatus"":""OK"",""NGdate"":null,""NGRECBY"":null,""replacedDevice"":null,""active"":""1""},{""deviceId"":""B0200398"",""IMEI"":""860466063268413"",""ICCID"":""8966044925100073709"",""IMSI"":""520043600679605"",""prodStatus"":""PROD"",""prodDate"":""20260320190958"",""sendDate"":""20260321083211"",""typeStatus"":""OK"",""NGdate"":null,""NGRECBY"":null,""replacedDevice"":null,""active"":""1""},{""deviceId"":""B0202002"",""IMEI"":""860466063288932"",""ICCID"":""8966044925100044254"",""IMSI"":""520043600676660"",""prodStatus"":""PROD"",""prodDate"":""20260320191155"",""sendDate"":""20260321083211"",""typeStatus"":""OK"",""NGdate"":null,""NGRECBY"":null,""replacedDevice"":null,""active"":""1""},{""deviceId"":""B0203196"",""IMEI"":""860466063288965"",""ICCID"":""8966044925100034073"",""IMSI"":""520043600675642"",""prodStatus"":""PROD"",""prodDate"":""20260320191207"",""sendDate"":""20260321083211"",""typeStatus"":""OK"",""NGdate"":null,""NGRECBY"":null,""replacedDevice"":null,""active"":""1""},{""deviceId"":""B0201164"",""IMEI"":""860466063270435"",""ICCID"":""8966044925100054378"",""IMSI"":""520043600677672"",""prodStatus"":""PROD"",""prodDate"":""20260320191219"",""sendDate"":""20260321083211"",""typeStatus"":""OK"",""NGdate"":null,""NGRECBY"":null,""replacedDevice"":null,""active"":""1""},{""deviceId"":""B0203339"",""IMEI"":""860466063288890"",""ICCID"":""8966044925100032622"",""IMSI"":""520043600675497"",""prodStatus"":""PROD"",""prodDate"":""20260320191231"",""sendDate"":""20260321083211"",""typeStatus"":""OK"",""NGdate"":null,""NGRECBY"":null,""replacedDevice"":null,""active"":""1""}]}
A6: 3
A7: 4
A8: 5
A9: 6
A10: 7
A11: 8
A12: 9
A13: 10
A14: 11
A15: 12
A16: 13
A17: 14
... A46: 43

Sheet Provisioning Requester
A1: No. | B1: date | C1: Request ID | D1: Request | E1: Response | F1: deviceId | G1: resultCode | H1: resultDesc | I1: developperMessage
A3: 1 | B3: 46103.345 | C3: f2977aa4-1d79-4b83-ae63-338412b23251 | D3: {""requestHeader"":{""privateIdValue"":""8966032540030329438"",""resourceGroupId"":""A0104762"",""customerOrderType"":""TMTsubscription"",""userSys"":""TMT"",""reTransmit"":""0""},""resourceItemList"":[{""resourceName"":""subscriptionPackageChange"",""requestType"":""UPDATE"",""iccid"":""8966032540030329438"",""subscriptionPackage"":""18000020_SP_02""}]} | E3: {""resourceOrderId"": ""PBSSAPPA904-PGZ-202603221516333281"",""resourceGroupId"": ""A0104762"",""resourceOrderTimeOut"": ""420"",""resultCode"": ""20000"",""resultDesc"": ""Success"",""developerMessage"": """" | F3: A0104762 | G3: 20000 | H3: Success
A4: 2 | B4: 46103.117 | C4: faf7d78f-55a5-4974-be3d-10f85ffb3119 | D4: {""requestHeader"":{""privateIdValue"":""8966032320080322777"",""resourceGroupId"":""ZWC04226"",""customerOrderType"":""TMTsubscription"",""userSys"":""TMT"",""reTransmit"":""0""},""resourceItemList"":[{""resourceName"":""subscriptionPackageChange"",""requestType"":""UPDATE"",""iccid"":""8966032320080322777"",""subscriptionPackage"":""18000020_SP_02""}]} | E4: {""resourceOrderId"": ""PBSSAPPA902-PGZ-202603220948380681"",""resourceGroupId"": ""ZWC04226"",""resourceOrderTimeOut"": ""420"",""resultCode"": ""20000"",""resultDesc"": ""Success"",""developerMessage"": """" | F4: ZWC04226 | G4: 20000 | H4: Success
A5: 3
A6: 4
A7: 5
A8: 6
A9: 7
A10: 8
A11: 9
A12: 10
A13: 11
A14: 12
A15: 13
A16: 14
... A3502: 3500

Sheet Provisioning Responder
A1: No. | B1: date | C1: Request | D1: Response | E1: deviceId | F1: resultCode | G1: resultDesc | H1: developperMessage
A3: 1 | B3: 46103.345 | C3: {responseHeader={customerOrderType=TMTsubscription, reTransmit=0, userSys=TMT, privateIdValue=8966032540030329438, resourceGroupId=A0104762, resourceOrderId=PBSSAPPA904-PGZ-202603221516333281, resultCode=20000, resultDesc=Success, developerMessage=}, resourceItemList=[{resourceName=subscriptionPackageChange, resourceItemStatus=Success, resourceItemErrMessage=Success, errorFlag=11111, resourceActivatedDate=20260322151633+0700, imsi=520039300752810, iccid=8966032540030329438, mobileNo=66673416849, specialErrHandling={suppCode=[], taskKeyCondition=[], taskDeveloperMessage=[]}}]} | D3: {""developerMessage"":"""",""resultCode"":""20000"",""resourceGroupId"":""A0104762"",""resultDesc"":""Success"",""resourceOrderId"":""PBSSAPPA904-PGZ-202603221516333281""} | E3: A0104762 | F3: 20000 | G3: Success
A4: 2 | B4: 46103.117 | C4: {responseHeader={customerOrderType=TMTsubscription, reTransmit=0, userSys=TMT, privateIdValue=8966032320080322777, resourceGroupId=ZWC04226, resourceOrderId=PBSSAPPA902-PGZ-202603220948380681, resultCode=20000, resultDesc=Success, developerMessage=}, resourceItemList=[{resourceName=subscriptionPackageChange, resourceItemStatus=Success, resourceItemErrMessage=Success, errorFlag=11111, resourceActivatedDate=20260322094838+0700, imsi=520039300577594, iccid=8966032320080322777, mobileNo=66671678581, specialErrHandling={suppCode=[], taskKeyCondition=[], taskDeveloperMessage=[]}}]} | D4: {""developerMessage"":"""",""resultCode"":""20000"",""resourceGroupId"":""ZWC04226"",""resultDesc"":""Success"",""resourceOrderId"":""PBSSAPPA902-PGZ-202603220948380681""} | E4: ZWC04226 | F4: 20000 | G4: Success
A5: 3 | B5: 46103.117 | C5: {responseHeader={customerOrderType=TMTsubscription, reTransmit=0, userSys=TMT, privateIdValue=8966032320080322777, resourceGroupId=ZWC04226, resourceOrderId=PBSSAPPA902-PGZ-202603220948380681, resultCode=20000, resultDesc=Success, developerMessage=}, resourceItemList=[{resourceName=subscriptionPackageChange, resourceItemStatus=Success, resourceItemErrMessage=Success, errorFlag=11111, resourceActivatedDate=20260322094838+0700, imsi=520039300577594, iccid=8966032320080322777, mobileNo=66671678581, specialErrHandling={suppCode=[], taskKeyCondition=[], taskDeveloperMessage=[]}}]} | D5: {""developerMessage"":"""",""resultCode"":""20000"",""resourceGroupId"":""ZWC04226"",""resultDesc"":""Success"",""resourceOrderId"":""PBSSAPPA902-PGZ-202603220948380681""} | E5: BYC02898 | F5: 20000 | G5: Success
A6: 4
A7: 5
A8: 6
A9: 7
A10: 8
A11: 9
A12: 10
A13: 11
A14: 12
A15: 13
A16: 14
A17: 15
... A3502: 3500

Sheet DTEN TCAP Linkage deviceId
A1: BYC02898
A2: BYC01313
A3: BYC00409
A4: BYC02171
A5: BYC02394
A6: BYC01922
A7: BYC00102
A8: BYC01169
A9: BYC00264
A10: BYC02578
A11: BYC02950
A12: BYC00002
... A163: B0203339

Sheet ProvResponder deviceId
A1: A0104762 | B1: 20000 | C1: Success
A2: ZWC04226 | B2: 20000 | C2: Success

Sheet deviceId List
A1: No. | B1: Request ID | C1: deviceId | D1: ProStatus | E1: Carrier | F1: DTENLinkage Result | G1: DTENTCAPLinkage | H1: ProvisioningRequester | J1: ProvisioningResponder | L1: tmp | M1: tmp | N1: remarks | P1: recovery
G2: sent to TCAP Cloud | H2: sent to AIS | I2: Result | J2: received from AIS | K2: Result | N2: japanese | O2: english | P2: japanese | Q2: english
A4: 1 | B4: 2d53b231-e2bb-4ef9-be86-72040b753871 | C4: BYC02898 | D4: PROD | E4: TRUE | F4: Process completed successfully | G4: =IF(ISNA(VLOOKUP($C4,'DTEN TCAP Linkage deviceId'!$A$1:$A$20000,1,FALSE)),"No","Yes") -> Yes | H4: =IF(OR(D4="SVCP", E4="TRUE"), "No", IF(ISNA(VLOOKUP($C4,'Provisioning Requester'!$F$3:$H$20000,2,FALSE)),"No","Yes")) -> No | I4: =IF($H4="Yes",VLOOKUP($C4,'Provisioning Requester'!$F$3:$H$20000,3,FALSE),"-") -> - | J4: =IF(OR(D4="SVCP", E4="TRUE"), "No", IF(ISNA(VLOOKUP($C4,'ProvResponder deviceId'!$A$1:$A$20000,1,FALSE)),"No","Yes")) -> No | K4: =IF($J4="Yes",VLOOKUP($C4,'ProvResponder deviceId'!$A$1:$C$20000,3,FALSE),"-") -> - | L4: =IF(ISBLANK($C4),"",$D4&$E4&$G4&$H4&$I4&$J4&$K4) -> PRODTRUEYesNo-No- | M4: =IF(ISBLANK($C4),"",$D4&$E4&$G4&$H4&$I4&$J4&"other") -> PRODTRUEYesNo-Noother | N4: =IF(ISBLANK($C4),"",IF(ISNA(VLOOKUP($L4,'result messages'!$H$3:$L$11,2,FALSE)),VLOOKUP($M4,'result messages'!$H$3:$L$11,2,FALSE),VLOOKUP($L4,'result messages'!$H$3:$L$11,2,FALSE))) -> 異常なし。 | O4: =IF(ISBLANK($C4),"",IF(ISNA(VLOOKUP($L4,'result messages'!$H$3:$L$11,3,FALSE)),VLOOKUP($M4,'result messages'!$H$3:$L$11,3,FALSE),VLOOKUP($L4,'result messages'!$H$3:$L$11,3,FALSE))) -> Complete. | P4: =IF(ISBLANK($C4),"",IF(ISNA(VLOOKUP($L4,'result messages'!$H$3:$L$11,4,FALSE)),VLOOKUP($M4,'result messages'!$H$3:$L$11,4,FALSE),VLOOKUP($L4,'result messages'!$H$3:$L$11,4,FALSE))) -> - | Q4: =IF(ISBLANK($C4),"",IF(ISNA(VLOOKUP($L4,'result messages'!$H$3:$L$11,5,FALSE)),VLOOKUP($M4,'result messages'!$H$3:$L$11,5,FALSE),VLOOKUP($L4,'result messages'!$H$3:$L$11,5,FALSE))) -> -
A5: 2 | B5: 2d53b231-e2bb-4ef9-be86-72040b753871 | C5: BYC01313 | D5: PROD | E5: TRUE | F5: Process completed successfully | G5: =IF(ISNA(VLOOKUP($C5,'DTEN TCAP Linkage deviceId'!$A$1:$A$20000,1,FALSE)),"No","Yes") -> Yes | H5: =IF(OR(D5="SVCP", E5="TRUE"),"No", IF(ISNA(VLOOKUP($C5,'Provisioning Requester'!$F$3:$H$20000,2,FALSE)),"No","Yes")) -> No | I5: =IF($H5="Yes",VLOOKUP($C5,'Provisioning Requester'!$F$3:$H$20000,3,FALSE),"-") -> - | J5: =IF(OR(D5="SVCP", E5="TRUE"), "No", IF(ISNA(VLOOKUP($C5,'ProvResponder deviceId'!$A$1:$A$20000,1,FALSE)),"No","Yes")) -> No | K5: =IF($J5="Yes",VLOOKUP($C5,'ProvResponder deviceId'!$A$1:$C$20000,3,FALSE),"-") -> - | L5: =IF(ISBLANK($C5),"",$D5&$E5&$G5&$H5&$I5&$J5&$K5) -> PRODTRUEYesNo-No- | M5: =IF(ISBLANK($C5),"",$D5&$E5&$G5&$H5&$I5&$J5&"other") -> PRODTRUEYesNo-Noother | N5: =IF(ISBLANK($C5),"",IF(ISNA(VLOOKUP($L5,'result messages'!$H$3:$L$11,2,FALSE)),VLOOKUP($M5,'result messages'!$H$3:$L$11,2,FALSE),VLOOKUP($L5,'result messages'!$H$3:$L$11,2,FALSE))) -> 異常なし。 | O5: =IF(ISBLANK($C5),"",IF(ISNA(VLOOKUP($L5,'result messages'!$H$3:$L$11,3,FALSE)),VLOOKUP($M5,'result messages'!$H$3:$L$11,3,FALSE),VLOOKUP($L5,'result messages'!$H$3:$L$11,3,FALSE))) -> Complete. | P5: =IF(ISBLANK($C5),"",IF(ISNA(VLOOKUP($L5,'result messages'!$H$3:$L$11,4,FALSE)),VLOOKUP($M5,'result messages'!$H$3:$L$11,4,FALSE),VLOOKUP($L5,'result messages'!$H$3:$L$11,4,FALSE))) -> - | Q5: =IF(ISBLANK($C5),"",IF(ISNA(VLOOKUP($L5,'result messages'!$H$3:$L$11,5,FALSE)),VLOOKUP($M5,'result messages'!$H$3:$L$11,5,FALSE),VLOOKUP($L5,'result messages'!$H$3:$L$11,5,FALSE))) -> -
A6: 3 | B6: 2d53b231-e2bb-4ef9-be86-72040b753871 | C6: BYC00409 | D6: PROD | E6: TRUE | F6: Process completed successfully | G6: =IF(ISNA(VLOOKUP($C6,'DTEN TCAP Linkage deviceId'!$A$1:$A$20000,1,FALSE)),"No","Yes") -> Yes | H6: =IF(OR(D6="SVCP", E6="TRUE"),"No", IF(ISNA(VLOOKUP($C6,'Provisioning Requester'!$F$3:$H$20000,2,FALSE)),"No","Yes")) -> No | I6: =IF($H6="Yes",VLOOKUP($C6,'Provisioning Requester'!$F$3:$H$20000,3,FALSE),"-") -> - | J6: =IF(OR(D6="SVCP", E6="TRUE"), "No", IF(ISNA(VLOOKUP($C6,'ProvResponder deviceId'!$A$1:$A$20000,1,FALSE)),"No","Yes")) -> No | K6: =IF($J6="Yes",VLOOKUP($C6,'ProvResponder deviceId'!$A$1:$C$20000,3,FALSE),"-") -> - | L6: =IF(ISBLANK($C6),"",$D6&$E6&$G6&$H6&$I6&$J6&$K6) -> PRODTRUEYesNo-No- | M6: =IF(ISBLANK($C6),"",$D6&$E6&$G6&$H6&$I6&$J6&"other") -> PRODTRUEYesNo-Noother | N6: =IF(ISBLANK($C6),"",IF(ISNA(VLOOKUP($L6,'result messages'!$H$3:$L$11,2,FALSE)),VLOOKUP($M6,'result messages'!$H$3:$L$11,2,FALSE),VLOOKUP($L6,'result messages'!$H$3:$L$11,2,FALSE))) -> 異常なし。 | O6: =IF(ISBLANK($C6),"",IF(ISNA(VLOOKUP($L6,'result messages'!$H$3:$L$11,3,FALSE)),VLOOKUP($M6,'result messages'!$H$3:$L$11,3,FALSE),VLOOKUP($L6,'result messages'!$H$3:$L$11,3,FALSE))) -> Complete. | P6: =IF(ISBLANK($C6),"",IF(ISNA(VLOOKUP($L6,'result messages'!$H$3:$L$11,4,FALSE)),VLOOKUP($M6,'result messages'!$H$3:$L$11,4,FALSE),VLOOKUP($L6,'result messages'!$H$3:$L$11,4,FALSE))) -> - | Q6: =IF(ISBLANK($C6),"",IF(ISNA(VLOOKUP($L6,'result messages'!$H$3:$L$11,5,FALSE)),VLOOKUP($M6,'result messages'!$H$3:$L$11,5,FALSE),VLOOKUP($L6,'result messages'!$H$3:$L$11,5,FALSE))) -> -
A7: 4 | B7: 2d53b231-e2bb-4ef9-be86-72040b753871 | C7: BYC02171 | D7: PROD | E7: TRUE | F7: Process completed successfully | G7: =IF(ISNA(VLOOKUP($C7,'DTEN TCAP Linkage deviceId'!$A$1:$A$20000,1,FALSE)),"No","Yes") -> Yes | H7: =IF(OR(D7="SVCP", E7="TRUE"),"No", IF(ISNA(VLOOKUP($C7,'Provisioning Requester'!$F$3:$H$20000,2,FALSE)),"No","Yes")) -> No | I7: =IF($H7="Yes",VLOOKUP($C7,'Provisioning Requester'!$F$3:$H$20000,3,FALSE),"-") -> - | J7: =IF(OR(D7="SVCP", E7="TRUE"), "No", IF(ISNA(VLOOKUP($C7,'ProvResponder deviceId'!$A$1:$A$20000,1,FALSE)),"No","Yes")) -> No | K7: =IF($J7="Yes",VLOOKUP($C7,'ProvResponder deviceId'!$A$1:$C$20000,3,FALSE),"-") -> - | L7: =IF(ISBLANK($C7),"",$D7&$E7&$G7&$H7&$I7&$J7&$K7) -> PRODTRUEYesNo-No- | M7: =IF(ISBLANK($C7),"",$D7&$E7&$G7&$H7&$I7&$J7&"other") -> PRODTRUEYesNo-Noother | N7: =IF(ISBLANK($C7),"",IF(ISNA(VLOOKUP($L7,'result messages'!$H$3:$L$11,2,FALSE)),VLOOKUP($M7,'result messages'!$H$3:$L$11,2,FALSE),VLOOKUP($L7,'result messages'!$H$3:$L$11,2,FALSE))) -> 異常なし。 | O7: =IF(ISBLANK($C7),"",IF(ISNA(VLOOKUP($L7,'result messages'!$H$3:$L$11,3,FALSE)),VLOOKUP($M7,'result messages'!$H$3:$L$11,3,FALSE),VLOOKUP($L7,'result messages'!$H$3:$L$11,3,FALSE))) -> Complete. | P7: =IF(ISBLANK($C7),"",IF(ISNA(VLOOKUP($L7,'result messages'!$H$3:$L$11,4,FALSE)),VLOOKUP($M7,'result messages'!$H$3:$L$11,4,FALSE),VLOOKUP($L7,'result messages'!$H$3:$L$11,4,FALSE))) -> - | Q7: =IF(ISBLANK($C7),"",IF(ISNA(VLOOKUP($L7,'result messages'!$H$3:$L$11,5,FALSE)),VLOOKUP($M7,'result messages'!$H$3:$L$11,5,FALSE),VLOOKUP($L7,'result messages'!$H$3:$L$11,5,FALSE))) -> -
A8: 5 | B8: 2d53b231-e2bb-4ef9-be86-72040b753871 | C8: BYC02394 | D8: PROD | E8: TRUE | F8: Process completed successfully | G8: =IF(ISNA(VLOOKUP($C8,'DTEN TCAP Linkage deviceId'!$A$1:$A$20000,1,FALSE)),"No","Yes") -> Yes | H8: =IF(OR(D8="SVCP", E8="TRUE"),"No", IF(ISNA(VLOOKUP($C8,'Provisioning Requester'!$F$3:$H$20000,2,FALSE)),"No","Yes")) -> No | I8: =IF($H8="Yes",VLOOKUP($C8,'Provisioning Requester'!$F$3:$H$20000,3,FALSE),"-") -> - | J8: =IF(OR(D8="SVCP", E8="TRUE"), "No", IF(ISNA(VLOOKUP($C8,'ProvResponder deviceId'!$A$1:$A$20000,1,FALSE)),"No","Yes")) -> No | K8: =IF($J8="Yes",VLOOKUP($C8,'ProvResponder deviceId'!$A$1:$C$20000,3,FALSE),"-") -> - | L8: =IF(ISBLANK($C8),"",$D8&$E8&$G8&$H8&$I8&$J8&$K8) -> PRODTRUEYesNo-No- | M8: =IF(ISBLANK($C8),"",$D8&$E8&$G8&$H8&$I8&$J8&"other") -> PRODTRUEYesNo-Noother | N8: =IF(ISBLANK($C8),"",IF(ISNA(VLOOKUP($L8,'result messages'!$H$3:$L$11,2,FALSE)),VLOOKUP($M8,'result messages'!$H$3:$L$11,2,FALSE),VLOOKUP($L8,'result messages'!$H$3:$L$11,2,FALSE))) -> 異常なし。 | O8: =IF(ISBLANK($C8),"",IF(ISNA(VLOOKUP($L8,'result messages'!$H$3:$L$11,3,FALSE)),VLOOKUP($M8,'result messages'!$H$3:$L$11,3,FALSE),VLOOKUP($L8,'result messages'!$H$3:$L$11,3,FALSE))) -> Complete. | P8: =IF(ISBLANK($C8),"",IF(ISNA(VLOOKUP($L8,'result messages'!$H$3:$L$11,4,FALSE)),VLOOKUP($M8,'result messages'!$H$3:$L$11,4,FALSE),VLOOKUP($L8,'result messages'!$H$3:$L$11,4,FALSE))) -> - | Q8: =IF(ISBLANK($C8),"",IF(ISNA(VLOOKUP($L8,'result messages'!$H$3:$L$11,5,FALSE)),VLOOKUP($M8,'result messages'!$H$3:$L$11,5,FALSE),VLOOKUP($L8,'result messages'!$H$3:$L$11,5,FALSE))) -> -
A9: 6 | B9: 2d53b231-e2bb-4ef9-be86-72040b753871 | C9: BYC01922 | D9: PROD | E9: TRUE | F9: Process completed successfully | G9: =IF(ISNA(VLOOKUP($C9,'DTEN TCAP Linkage deviceId'!$A$1:$A$20000,1,FALSE)),"No","Yes") -> Yes | H9: =IF(OR(D9="SVCP", E9="TRUE"),"No", IF(ISNA(VLOOKUP($C9,'Provisioning Requester'!$F$3:$H$20000,2,FALSE)),"No","Yes")) -> No | I9: =IF($H9="Yes",VLOOKUP($C9,'Provisioning Requester'!$F$3:$H$20000,3,FALSE),"-") -> - | J9: =IF(OR(D9="SVCP", E9="TRUE"), "No", IF(ISNA(VLOOKUP($C9,'ProvResponder deviceId'!$A$1:$A$20000,1,FALSE)),"No","Yes")) -> No | K9: =IF($J9="Yes",VLOOKUP($C9,'ProvResponder deviceId'!$A$1:$C$20000,3,FALSE),"-") -> - | L9: =IF(ISBLANK($C9),"",$D9&$E9&$G9&$H9&$I9&$J9&$K9) -> PRODTRUEYesNo-No- | M9: =IF(ISBLANK($C9),"",$D9&$E9&$G9&$H9&$I9&$J9&"other") -> PRODTRUEYesNo-Noother | N9: =IF(ISBLANK($C9),"",IF(ISNA(VLOOKUP($L9,'result messages'!$H$3:$L$11,2,FALSE)),VLOOKUP($M9,'result messages'!$H$3:$L$11,2,FALSE),VLOOKUP($L9,'result messages'!$H$3:$L$11,2,FALSE))) -> 異常なし。 | O9: =IF(ISBLANK($C9),"",IF(ISNA(VLOOKUP($L9,'result messages'!$H$3:$L$11,3,FALSE)),VLOOKUP($M9,'result messages'!$H$3:$L$11,3,FALSE),VLOOKUP($L9,'result messages'!$H$3:$L$11,3,FALSE))) -> Complete. | P9: =IF(ISBLANK($C9),"",IF(ISNA(VLOOKUP($L9,'result messages'!$H$3:$L$11,4,FALSE)),VLOOKUP($M9,'result messages'!$H$3:$L$11,4,FALSE),VLOOKUP($L9,'result messages'!$H$3:$L$11,4,FALSE))) -> - | Q9: =IF(ISBLANK($C9),"",IF(ISNA(VLOOKUP($L9,'result messages'!$H$3:$L$11,5,FALSE)),VLOOKUP($M9,'result messages'!$H$3:$L$11,5,FALSE),VLOOKUP($L9,'result messages'!$H$3:$L$11,5,FALSE))) -> -
A10: 7 | B10: 2d53b231-e2bb-4ef9-be86-72040b753871 | C10: BYC00102 | D10: PROD | E10: TRUE | F10: Process completed successfully | G10: =IF(ISNA(VLOOKUP($C10,'DTEN TCAP Linkage deviceId'!$A$1:$A$20000,1,FALSE)),"No","Yes") -> Yes | H10: =IF(OR(D10="SVCP", E10="TRUE"),"No", IF(ISNA(VLOOKUP($C10,'Provisioning Requester'!$F$3:$H$20000,2,FALSE)),"No","Yes")) -> No | I10: =IF($H10="Yes",VLOOKUP($C10,'Provisioning Requester'!$F$3:$H$20000,3,FALSE),"-") -> - | J10: =IF(OR(D10="SVCP", E10="TRUE"), "No", IF(ISNA(VLOOKUP($C10,'ProvResponder deviceId'!$A$1:$A$20000,1,FALSE)),"No","Yes")) -> No | K10: =IF($J10="Yes",VLOOKUP($C10,'ProvResponder deviceId'!$A$1:$C$20000,3,FALSE),"-") -> - | L10: =IF(ISBLANK($C10),"",$D10&$E10&$G10&$H10&$I10&$J10&$K10) -> PRODTRUEYesNo-No- | M10: =IF(ISBLANK($C10),"",$D10&$E10&$G10&$H10&$I10&$J10&"other") -> PRODTRUEYesNo-Noother | N10: =IF(ISBLANK($C10),"",IF(ISNA(VLOOKUP($L10,'result messages'!$H$3:$L$11,2,FALSE)),VLOOKUP($M10,'result messages'!$H$3:$L$11,2,FALSE),VLOOKUP($L10,'result messages'!$H$3:$L$11,2,FALSE))) -> 異常なし。 | O10: =IF(ISBLANK($C10),"",IF(ISNA(VLOOKUP($L10,'result messages'!$H$3:$L$11,3,FALSE)),VLOOKUP($M10,'result messages'!$H$3:$L$11,3,FALSE),VLOOKUP($L10,'result messages'!$H$3:$L$11,3,FALSE))) -> Complete. | P10: =IF(ISBLANK($C10),"",IF(ISNA(VLOOKUP($L10,'result messages'!$H$3:$L$11,4,FALSE)),VLOOKUP($M10,'result messages'!$H$3:$L$11,4,FALSE),VLOOKUP($L10,'result messages'!$H$3:$L$11,4,FALSE))) -> - | Q10: =IF(ISBLANK($C10),"",IF(ISNA(VLOOKUP($L10,'result messages'!$H$3:$L$11,5,FALSE)),VLOOKUP($M10,'result messages'!$H$3:$L$11,5,FALSE),VLOOKUP($L10,'result messages'!$H$3:$L$11,5,FALSE))) -> -
A11: 8 | B11: 2d53b231-e2bb-4ef9-be86-72040b753871 | C11: BYC01169 | D11: PROD | E11: TRUE | F11: Process completed successfully | G11: =IF(ISNA(VLOOKUP($C11,'DTEN TCAP Linkage deviceId'!$A$1:$A$20000,1,FALSE)),"No","Yes") -> Yes | H11: =IF(OR(D11="SVCP", E11="TRUE"),"No", IF(ISNA(VLOOKUP($C11,'Provisioning Requester'!$F$3:$H$20000,2,FALSE)),"No","Yes")) -> No | I11: =IF($H11="Yes",VLOOKUP($C11,'Provisioning Requester'!$F$3:$H$20000,3,FALSE),"-") -> - | J11: =IF(OR(D11="SVCP", E11="TRUE"), "No", IF(ISNA(VLOOKUP($C11,'ProvResponder deviceId'!$A$1:$A$20000,1,FALSE)),"No","Yes")) -> No | K11: =IF($J11="Yes",VLOOKUP($C11,'ProvResponder deviceId'!$A$1:$C$20000,3,FALSE),"-") -> - | L11: =IF(ISBLANK($C11),"",$D11&$E11&$G11&$H11&$I11&$J11&$K11) -> PRODTRUEYesNo-No- | M11: =IF(ISBLANK($C11),"",$D11&$E11&$G11&$H11&$I11&$J11&"other") -> PRODTRUEYesNo-Noother | N11: =IF(ISBLANK($C11),"",IF(ISNA(VLOOKUP($L11,'result messages'!$H$3:$L$11,2,FALSE)),VLOOKUP($M11,'result messages'!$H$3:$L$11,2,FALSE),VLOOKUP($L11,'result messages'!$H$3:$L$11,2,FALSE))) -> 異常なし。 | O11: =IF(ISBLANK($C11),"",IF(ISNA(VLOOKUP($L11,'result messages'!$H$3:$L$11,3,FALSE)),VLOOKUP($M11,'result messages'!$H$3:$L$11,3,FALSE),VLOOKUP($L11,'result messages'!$H$3:$L$11,3,FALSE))) -> Complete. | P11: =IF(ISBLANK($C11),"",IF(ISNA(VLOOKUP($L11,'result messages'!$H$3:$L$11,4,FALSE)),VLOOKUP($M11,'result messages'!$H$3:$L$11,4,FALSE),VLOOKUP($L11,'result messages'!$H$3:$L$11,4,FALSE))) -> - | Q11: =IF(ISBLANK($C11),"",IF(ISNA(VLOOKUP($L11,'result messages'!$H$3:$L$11,5,FALSE)),VLOOKUP($M11,'result messages'!$H$3:$L$11,5,FALSE),VLOOKUP($L11,'result messages'!$H$3:$L$11,5,FALSE))) -> -
A12: 9 | B12: 2d53b231-e2bb-4ef9-be86-72040b753871 | C12: BYC00264 | D12: PROD | E12: TRUE | F12: Process completed successfully | G12: =IF(ISNA(VLOOKUP($C12,'DTEN TCAP Linkage deviceId'!$A$1:$A$20000,1,FALSE)),"No","Yes") -> Yes | H12: =IF(OR(D12="SVCP", E12="TRUE"),"No", IF(ISNA(VLOOKUP($C12,'Provisioning Requester'!$F$3:$H$20000,2,FALSE)),"No","Yes")) -> No | I12: =IF($H12="Yes",VLOOKUP($C12,'Provisioning Requester'!$F$3:$H$20000,3,FALSE),"-") -> - | J12: =IF(OR(D12="SVCP", E12="TRUE"), "No", IF(ISNA(VLOOKUP($C12,'ProvResponder deviceId'!$A$1:$A$20000,1,FALSE)),"No","Yes")) -> No | K12: =IF($J12="Yes",VLOOKUP($C12,'ProvResponder deviceId'!$A$1:$C$20000,3,FALSE),"-") -> - | L12: =IF(ISBLANK($C12),"",$D12&$E12&$G12&$H12&$I12&$J12&$K12) -> PRODTRUEYesNo-No- | M12: =IF(ISBLANK($C12),"",$D12&$E12&$G12&$H12&$I12&$J12&"other") -> PRODTRUEYesNo-Noother | N12: =IF(ISBLANK($C12),"",IF(ISNA(VLOOKUP($L12,'result messages'!$H$3:$L$11,2,FALSE)),VLOOKUP($M12,'result messages'!$H$3:$L$11,2,FALSE),VLOOKUP($L12,'result messages'!$H$3:$L$11,2,FALSE))) -> 異常なし。 | O12: =IF(ISBLANK($C12),"",IF(ISNA(VLOOKUP($L12,'result messages'!$H$3:$L$11,3,FALSE)),VLOOKUP($M12,'result messages'!$H$3:$L$11,3,FALSE),VLOOKUP($L12,'result messages'!$H$3:$L$11,3,FALSE))) -> Complete. | P12: =IF(ISBLANK($C12),"",IF(ISNA(VLOOKUP($L12,'result messages'!$H$3:$L$11,4,FALSE)),VLOOKUP($M12,'result messages'!$H$3:$L$11,4,FALSE),VLOOKUP($L12,'result messages'!$H$3:$L$11,4,FALSE))) -> - | Q12: =IF(ISBLANK($C12),"",IF(ISNA(VLOOKUP($L12,'result messages'!$H$3:$L$11,5,FALSE)),VLOOKUP($M12,'result messages'!$H$3:$L$11,5,FALSE),VLOOKUP($L12,'result messages'!$H$3:$L$11,5,FALSE))) -> -
A13: 10 | B13: 2d53b231-e2bb-4ef9-be86-72040b753871 | C13: BYC02578 | D13: PROD | E13: TRUE | F13: Process completed successfully | G13: =IF(ISNA(VLOOKUP($C13,'DTEN TCAP Linkage deviceId'!$A$1:$A$20000,1,FALSE)),"No","Yes") -> Yes | H13: =IF(OR(D13="SVCP", E13="TRUE"),"No", IF(ISNA(VLOOKUP($C13,'Provisioning Requester'!$F$3:$H$20000,2,FALSE)),"No","Yes")) -> No | I13: =IF($H13="Yes",VLOOKUP($C13,'Provisioning Requester'!$F$3:$H$20000,3,FALSE),"-") -> - | J13: =IF(OR(D13="SVCP", E13="TRUE"), "No", IF(ISNA(VLOOKUP($C13,'ProvResponder deviceId'!$A$1:$A$20000,1,FALSE)),"No","Yes")) -> No | K13: =IF($J13="Yes",VLOOKUP($C13,'ProvResponder deviceId'!$A$1:$C$20000,3,FALSE),"-") -> - | L13: =IF(ISBLANK($C13),"",$D13&$E13&$G13&$H13&$I13&$J13&$K13) -> PRODTRUEYesNo-No- | M13: =IF(ISBLANK($C13),"",$D13&$E13&$G13&$H13&$I13&$J13&"other") -> PRODTRUEYesNo-Noother | N13: =IF(ISBLANK($C13),"",IF(ISNA(VLOOKUP($L13,'result messages'!$H$3:$L$11,2,FALSE)),VLOOKUP($M13,'result messages'!$H$3:$L$11,2,FALSE),VLOOKUP($L13,'result messages'!$H$3:$L$11,2,FALSE))) -> 異常なし。 | O13: =IF(ISBLANK($C13),"",IF(ISNA(VLOOKUP($L13,'result messages'!$H$3:$L$11,3,FALSE)),VLOOKUP($M13,'result messages'!$H$3:$L$11,3,FALSE),VLOOKUP($L13,'result messages'!$H$3:$L$11,3,FALSE))) -> Complete. | P13: =IF(ISBLANK($C13),"",IF(ISNA(VLOOKUP($L13,'result messages'!$H$3:$L$11,4,FALSE)),VLOOKUP($M13,'result messages'!$H$3:$L$11,4,FALSE),VLOOKUP($L13,'result messages'!$H$3:$L$11,4,FALSE))) -> - | Q13: =IF(ISBLANK($C13),"",IF(ISNA(VLOOKUP($L13,'result messages'!$H$3:$L$11,5,FALSE)),VLOOKUP($M13,'result messages'!$H$3:$L$11,5,FALSE),VLOOKUP($L13,'result messages'!$H$3:$L$11,5,FALSE))) -> -
A14: 11 | B14: 2d53b231-e2bb-4ef9-be86-72040b753871 | C14: BYC02950 | D14: PROD | E14: TRUE | F14: Process completed successfully | G14: =IF(ISNA(VLOOKUP($C14,'DTEN TCAP Linkage deviceId'!$A$1:$A$20000,1,FALSE)),"No","Yes") -> Yes | H14: =IF(ISNA(VLOOKUP($C14,'Provisioning Requester'!$F$3:$H$20000,2,FALSE)),"No","Yes") -> No | I14: =IF($H14="Yes",VLOOKUP($C14,'Provisioning Requester'!$F$3:$H$20000,3,FALSE),"-") -> - | J14: =IF(OR(D14="SVCP", E14="TRUE"), "No", IF(ISNA(VLOOKUP($C14,'ProvResponder deviceId'!$A$1:$A$20000,1,FALSE)),"No","Yes")) -> No | K14: =IF($J14="Yes",VLOOKUP($C14,'ProvResponder deviceId'!$A$1:$C$20000,3,FALSE),"-") -> - | L14: =IF(ISBLANK($C14),"",$D14&$E14&$G14&$H14&$I14&$J14&$K14) -> PRODTRUEYesNo-No- | M14: =IF(ISBLANK($C14),"",$D14&$E14&$G14&$H14&$I14&$J14&"other") -> PRODTRUEYesNo-Noother | N14: =IF(ISBLANK($C14),"",IF(ISNA(VLOOKUP($L14,'result messages'!$H$3:$L$11,2,FALSE)),VLOOKUP($M14,'result messages'!$H$3:$L$11,2,FALSE),VLOOKUP($L14,'result messages'!$H$3:$L$11,2,FALSE))) -> 異常なし。 | O14: =IF(ISBLANK($C14),"",IF(ISNA(VLOOKUP($L14,'result messages'!$H$3:$L$11,3,FALSE)),VLOOKUP($M14,'result messages'!$H$3:$L$11,3,FALSE),VLOOKUP($L14,'result messages'!$H$3:$L$11,3,FALSE))) -> Complete. | P14: =IF(ISBLANK($C14),"",IF(ISNA(VLOOKUP($L14,'result messages'!$H$3:$L$11,4,FALSE)),VLOOKUP($M14,'result messages'!$H$3:$L$11,4,FALSE),VLOOKUP($L14,'result messages'!$H$3:$L$11,4,FALSE))) -> - | Q14: =IF(ISBLANK($C14),"",IF(ISNA(VLOOKUP($L14,'result messages'!$H$3:$L$11,5,FALSE)),VLOOKUP($M14,'result messages'!$H$3:$L$11,5,FALSE),VLOOKUP($L14,'result messages'!$H$3:$L$11,5,FALSE))) -> -
A15: 12 | B15: 2d53b231-e2bb-4ef9-be86-72040b753871 | C15: BYC00002 | D15: PROD | E15: TRUE | F15: Process completed successfully | G15: =IF(ISNA(VLOOKUP($C15,'DTEN TCAP Linkage deviceId'!$A$1:$A$20000,1,FALSE)),"No","Yes") -> Yes | H15: =IF(ISNA(VLOOKUP($C15,'Provisioning Requester'!$F$3:$H$20000,2,FALSE)),"No","Yes") -> No | I15: =IF($H15="Yes",VLOOKUP($C15,'Provisioning Requester'!$F$3:$H$20000,3,FALSE),"-") -> - | J15: =IF(OR(D15="SVCP", E15="TRUE"), "No", IF(ISNA(VLOOKUP($C15,'ProvResponder deviceId'!$A$1:$A$20000,1,FALSE)),"No","Yes")) -> No | K15: =IF($J15="Yes",VLOOKUP($C15,'ProvResponder deviceId'!$A$1:$C$20000,3,FALSE),"-") -> - | L15: =IF(ISBLANK($C15),"",$D15&$E15&$G15&$H15&$I15&$J15&$K15) -> PRODTRUEYesNo-No- | M15: =IF(ISBLANK($C15),"",$D15&$E15&$G15&$H15&$I15&$J15&"other") -> PRODTRUEYesNo-Noother | N15: =IF(ISBLANK($C15),"",IF(ISNA(VLOOKUP($L15,'result messages'!$H$3:$L$11,2,FALSE)),VLOOKUP($M15,'result messages'!$H$3:$L$11,2,FALSE),VLOOKUP($L15,'result messages'!$H$3:$L$11,2,FALSE))) -> 異常なし。 | O15: =IF(ISBLANK($C15),"",IF(ISNA(VLOOKUP($L15,'result messages'!$H$3:$L$11,3,FALSE)),VLOOKUP($M15,'result messages'!$H$3:$L$11,3,FALSE),VLOOKUP($L15,'result messages'!$H$3:$L$11,3,FALSE))) -> Complete. | P15: =IF(ISBLANK($C15),"",IF(ISNA(VLOOKUP($L15,'result messages'!$H$3:$L$11,4,FALSE)),VLOOKUP($M15,'result messages'!$H$3:$L$11,4,FALSE),VLOOKUP($L15,'result messages'!$H$3:$L$11,4,FALSE))) -> - | Q15: =IF(ISBLANK($C15),"",IF(ISNA(VLOOKUP($L15,'result messages'!$H$3:$L$11,5,FALSE)),VLOOKUP($M15,'result messages'!$H$3:$L$11,5,FALSE),VLOOKUP($L15,'result messages'!$H$3:$L$11,5,FALSE))) -> -
A16: 13 | B16: 2d53b231-e2bb-4ef9-be86-72040b753871 | C16: BYC02460 | D16: PROD | E16: TRUE | F16: Process completed successfully | G16: =IF(ISNA(VLOOKUP($C16,'DTEN TCAP Linkage deviceId'!$A$1:$A$20000,1,FALSE)),"No","Yes") -> Yes | H16: =IF(ISNA(VLOOKUP($C16,'Provisioning Requester'!$F$3:$H$20000,2,FALSE)),"No","Yes") -> No | I16: =IF($H16="Yes",VLOOKUP($C16,'Provisioning Requester'!$F$3:$H$20000,3,FALSE),"-") -> - | J16: =IF(OR(D16="SVCP", E16="TRUE"), "No", IF(ISNA(VLOOKUP($C16,'ProvResponder deviceId'!$A$1:$A$20000,1,FALSE)),"No","Yes")) -> No | K16: =IF($J16="Yes",VLOOKUP($C16,'ProvResponder deviceId'!$A$1:$C$20000,3,FALSE),"-") -> - | L16: =IF(ISBLANK($C16),"",$D16&$E16&$G16&$H16&$I16&$J16&$K16) -> PRODTRUEYesNo-No- | M16: =IF(ISBLANK($C16),"",$D16&$E16&$G16&$H16&$I16&$J16&"other") -> PRODTRUEYesNo-Noother | N16: =IF(ISBLANK($C16),"",IF(ISNA(VLOOKUP($L16,'result messages'!$H$3:$L$11,2,FALSE)),VLOOKUP($M16,'result messages'!$H$3:$L$11,2,FALSE),VLOOKUP($L16,'result messages'!$H$3:$L$11,2,FALSE))) -> 異常なし。 | O16: =IF(ISBLANK($C16),"",IF(ISNA(VLOOKUP($L16,'result messages'!$H$3:$L$11,3,FALSE)),VLOOKUP($M16,'result messages'!$H$3:$L$11,3,FALSE),VLOOKUP($L16,'result messages'!$H$3:$L$11,3,FALSE))) -> Complete. | P16: =IF(ISBLANK($C16),"",IF(ISNA(VLOOKUP($L16,'result messages'!$H$3:$L$11,4,FALSE)),VLOOKUP($M16,'result messages'!$H$3:$L$11,4,FALSE),VLOOKUP($L16,'result messages'!$H$3:$L$11,4,FALSE))) -> - | Q16: =IF(ISBLANK($C16),"",IF(ISNA(VLOOKUP($L16,'result messages'!$H$3:$L$11,5,FALSE)),VLOOKUP($M16,'result messages'!$H$3:$L$11,5,FALSE),VLOOKUP($L16,'result messages'!$H$3:$L$11,5,FALSE))) -> -
A17: 14 | B17: 2d53b231-e2bb-4ef9-be86-72040b753871 | C17: BYC02919 | D17: PROD | E17: TRUE | F17: Process completed successfully | G17: =IF(ISNA(VLOOKUP($C17,'DTEN TCAP Linkage deviceId'!$A$1:$A$20000,1,FALSE)),"No","Yes") -> Yes | H17: =IF(ISNA(VLOOKUP($C17,'Provisioning Requester'!$F$3:$H$20000,2,FALSE)),"No","Yes") -> No | I17: =IF($H17="Yes",VLOOKUP($C17,'Provisioning Requester'!$F$3:$H$20000,3,FALSE),"-") -> - | J17: =IF(OR(D17="SVCP", E17="TRUE"), "No", IF(ISNA(VLOOKUP($C17,'ProvResponder deviceId'!$A$1:$A$20000,1,FALSE)),"No","Yes")) -> No | K17: =IF($J17="Yes",VLOOKUP($C17,'ProvResponder deviceId'!$A$1:$C$20000,3,FALSE),"-") -> - | L17: =IF(ISBLANK($C17),"",$D17&$E17&$G17&$H17&$I17&$J17&$K17) -> PRODTRUEYesNo-No- | M17: =IF(ISBLANK($C17),"",$D17&$E17&$G17&$H17&$I17&$J17&"other") -> PRODTRUEYesNo-Noother | N17: =IF(ISBLANK($C17),"",IF(ISNA(VLOOKUP($L17,'result messages'!$H$3:$L$11,2,FALSE)),VLOOKUP($M17,'result messages'!$H$3:$L$11,2,FALSE),VLOOKUP($L17,'result messages'!$H$3:$L$11,2,FALSE))) -> 異常なし。 | O17: =IF(ISBLANK($C17),"",IF(ISNA(VLOOKUP($L17,'result messages'!$H$3:$L$11,3,FALSE)),VLOOKUP($M17,'result messages'!$H$3:$L$11,3,FALSE),VLOOKUP($L17,'result messages'!$H$3:$L$11,3,FALSE))) -> Complete. | P17: =IF(ISBLANK($C17),"",IF(ISNA(VLOOKUP($L17,'result messages'!$H$3:$L$11,4,FALSE)),VLOOKUP($M17,'result messages'!$H$3:$L$11,4,FALSE),VLOOKUP($L17,'result messages'!$H$3:$L$11,4,FALSE))) -> - | Q17: =IF(ISBLANK($C17),"",IF(ISNA(VLOOKUP($L17,'result messages'!$H$3:$L$11,5,FALSE)),VLOOKUP($M17,'result messages'!$H$3:$L$11,5,FALSE),VLOOKUP($L17,'result messages'!$H$3:$L$11,5,FALSE))) -> -
A18: 15 | B18: 2d53b231-e2bb-4ef9-be86-72040b753871 | C18: BYC02487 | D18: PROD | E18: TRUE | F18: Process completed successfully | G18: =IF(ISNA(VLOOKUP($C18,'DTEN TCAP Linkage deviceId'!$A$1:$A$20000,1,FALSE)),"No","Yes") -> Yes | H18: =IF(ISNA(VLOOKUP($C18,'Provisioning Requester'!$F$3:$H$20000,2,FALSE)),"No","Yes") -> No | I18: =IF($H18="Yes",VLOOKUP($C18,'Provisioning Requester'!$F$3:$H$20000,3,FALSE),"-") -> - | J18: =IF(OR(D18="SVCP", E18="TRUE"), "No", IF(ISNA(VLOOKUP($C18,'ProvResponder deviceId'!$A$1:$A$20000,1,FALSE)),"No","Yes")) -> No | K18: =IF($J18="Yes",VLOOKUP($C18,'ProvResponder deviceId'!$A$1:$C$20000,3,FALSE),"-") -> - | L18: =IF(ISBLANK($C18),"",$D18&$E18&$G18&$H18&$I18&$J18&$K18) -> PRODTRUEYesNo-No- | M18: =IF(ISBLANK($C18),"",$D18&$E18&$G18&$H18&$I18&$J18&"other") -> PRODTRUEYesNo-Noother | N18: =IF(ISBLANK($C18),"",IF(ISNA(VLOOKUP($L18,'result messages'!$H$3:$L$11,2,FALSE)),VLOOKUP($M18,'result messages'!$H$3:$L$11,2,FALSE),VLOOKUP($L18,'result messages'!$H$3:$L$11,2,FALSE))) -> 異常なし。 | O18: =IF(ISBLANK($C18),"",IF(ISNA(VLOOKUP($L18,'result messages'!$H$3:$L$11,3,FALSE)),VLOOKUP($M18,'result messages'!$H$3:$L$11,3,FALSE),VLOOKUP($L18,'result messages'!$H$3:$L$11,3,FALSE))) -> Complete. | P18: =IF(ISBLANK($C18),"",IF(ISNA(VLOOKUP($L18,'result messages'!$H$3:$L$11,4,FALSE)),VLOOKUP($M18,'result messages'!$H$3:$L$11,4,FALSE),VLOOKUP($L18,'result messages'!$H$3:$L$11,4,FALSE))) -> - | Q18: =IF(ISBLANK($C18),"",IF(ISNA(VLOOKUP($L18,'result messages'!$H$3:$L$11,5,FALSE)),VLOOKUP($M18,'result messages'!$H$3:$L$11,5,FALSE),VLOOKUP($L18,'result messages'!$H$3:$L$11,5,FALSE))) -> -
A19: 16 | B19: 2d53b231-e2bb-4ef9-be86-72040b753871 | C19: BYC02721 | D19: PROD | E19: TRUE | F19: Process completed successfully | G19: =IF(ISNA(VLOOKUP($C19,'DTEN TCAP Linkage deviceId'!$A$1:$A$20000,1,FALSE)),"No","Yes") -> Yes | H19: =IF(ISNA(VLOOKUP($C19,'Provisioning Requester'!$F$3:$H$20000,2,FALSE)),"No","Yes") -> No | I19: =IF($H19="Yes",VLOOKUP($C19,'Provisioning Requester'!$F$3:$H$20000,3,FALSE),"-") -> - | J19: =IF(OR(D19="SVCP", E19="TRUE"), "No", IF(ISNA(VLOOKUP($C19,'ProvResponder deviceId'!$A$1:$A$20000,1,FALSE)),"No","Yes")) -> No | K19: =IF($J19="Yes",VLOOKUP($C19,'ProvResponder deviceId'!$A$1:$C$20000,3,FALSE),"-") -> - | L19: =IF(ISBLANK($C19),"",$D19&$E19&$G19&$H19&$I19&$J19&$K19) -> PRODTRUEYesNo-No- | M19: =IF(ISBLANK($C19),"",$D19&$E19&$G19&$H19&$I19&$J19&"other") -> PRODTRUEYesNo-Noother | N19: =IF(ISBLANK($C19),"",IF(ISNA(VLOOKUP($L19,'result messages'!$H$3:$L$11,2,FALSE)),VLOOKUP($M19,'result messages'!$H$3:$L$11,2,FALSE),VLOOKUP($L19,'result messages'!$H$3:$L$11,2,FALSE))) -> 異常なし。 | O19: =IF(ISBLANK($C19),"",IF(ISNA(VLOOKUP($L19,'result messages'!$H$3:$L$11,3,FALSE)),VLOOKUP($M19,'result messages'!$H$3:$L$11,3,FALSE),VLOOKUP($L19,'result messages'!$H$3:$L$11,3,FALSE))) -> Complete. | P19: =IF(ISBLANK($C19),"",IF(ISNA(VLOOKUP($L19,'result messages'!$H$3:$L$11,4,FALSE)),VLOOKUP($M19,'result messages'!$H$3:$L$11,4,FALSE),VLOOKUP($L19,'result messages'!$H$3:$L$11,4,FALSE))) -> - | Q19: =IF(ISBLANK($C19),"",IF(ISNA(VLOOKUP($L19,'result messages'!$H$3:$L$11,5,FALSE)),VLOOKUP($M19,'result messages'!$H$3:$L$11,5,FALSE),VLOOKUP($L19,'result messages'!$H$3:$L$11,5,FALSE))) -> -
A20: 17 | B20: 2d53b231-e2bb-4ef9-be86-72040b753871 | C20: BYC00467 | D20: PROD | E20: TRUE | F20: Process completed successfully | G20: =IF(ISNA(VLOOKUP($C20,'DTEN TCAP Linkage deviceId'!$A$1:$A$20000,1,FALSE)),"No","Yes") -> Yes | H20: =IF(ISNA(VLOOKUP($C20,'Provisioning Requester'!$F$3:$H$20000,2,FALSE)),"No","Yes") -> No | I20: =IF($H20="Yes",VLOOKUP($C20,'Provisioning Requester'!$F$3:$H$20000,3,FALSE),"-") -> - | J20: =IF(OR(D20="SVCP", E20="TRUE"), "No", IF(ISNA(VLOOKUP($C20,'ProvResponder deviceId'!$A$1:$A$20000,1,FALSE)),"No","Yes")) -> No | K20: =IF($J20="Yes",VLOOKUP($C20,'ProvResponder deviceId'!$A$1:$C$20000,3,FALSE),"-") -> - | L20: =IF(ISBLANK($C20),"",$D20&$E20&$G20&$H20&$I20&$J20&$K20) -> PRODTRUEYesNo-No- | M20: =IF(ISBLANK($C20),"",$D20&$E20&$G20&$H20&$I20&$J20&"other") -> PRODTRUEYesNo-Noother | N20: =IF(ISBLANK($C20),"",IF(ISNA(VLOOKUP($L20,'result messages'!$H$3:$L$11,2,FALSE)),VLOOKUP($M20,'result messages'!$H$3:$L$11,2,FALSE),VLOOKUP($L20,'result messages'!$H$3:$L$11,2,FALSE))) -> 異常なし。 | O20: =IF(ISBLANK($C20),"",IF(ISNA(VLOOKUP($L20,'result messages'!$H$3:$L$11,3,FALSE)),VLOOKUP($M20,'result messages'!$H$3:$L$11,3,FALSE),VLOOKUP($L20,'result messages'!$H$3:$L$11,3,FALSE))) -> Complete. | P20: =IF(ISBLANK($C20),"",IF(ISNA(VLOOKUP($L20,'result messages'!$H$3:$L$11,4,FALSE)),VLOOKUP($M20,'result messages'!$H$3:$L$11,4,FALSE),VLOOKUP($L20,'result messages'!$H$3:$L$11,4,FALSE))) -> - | Q20: =IF(ISBLANK($C20),"",IF(ISNA(VLOOKUP($L20,'result messages'!$H$3:$L$11,5,FALSE)),VLOOKUP($M20,'result messages'!$H$3:$L$11,5,FALSE),VLOOKUP($L20,'result messages'!$H$3:$L$11,5,FALSE))) -> -
A21: 18 | B21: 2d53b231-e2bb-4ef9-be86-72040b753871 | C21: BYC02561 | D21: PROD | E21: TRUE | F21: Process completed successfully | G21: =IF(ISNA(VLOOKUP($C21,'DTEN TCAP Linkage deviceId'!$A$1:$A$20000,1,FALSE)),"No","Yes") -> Yes | H21: =IF(ISNA(VLOOKUP($C21,'Provisioning Requester'!$F$3:$H$20000,2,FALSE)),"No","Yes") -> No | I21: =IF($H21="Yes",VLOOKUP($C21,'Provisioning Requester'!$F$3:$H$20000,3,FALSE),"-") -> - | J21: =IF(OR(D21="SVCP", E21="TRUE"), "No", IF(ISNA(VLOOKUP($C21,'ProvResponder deviceId'!$A$1:$A$20000,1,FALSE)),"No","Yes")) -> No | K21: =IF($J21="Yes",VLOOKUP($C21,'ProvResponder deviceId'!$A$1:$C$20000,3,FALSE),"-") -> - | L21: =IF(ISBLANK($C21),"",$D21&$E21&$G21&$H21&$I21&$J21&$K21) -> PRODTRUEYesNo-No- | M21: =IF(ISBLANK($C21),"",$D21&$E21&$G21&$H21&$I21&$J21&"other") -> PRODTRUEYesNo-Noother | N21: =IF(ISBLANK($C21),"",IF(ISNA(VLOOKUP($L21,'result messages'!$H$3:$L$11,2,FALSE)),VLOOKUP($M21,'result messages'!$H$3:$L$11,2,FALSE),VLOOKUP($L21,'result messages'!$H$3:$L$11,2,FALSE))) -> 異常なし。 | O21: =IF(ISBLANK($C21),"",IF(ISNA(VLOOKUP($L21,'result messages'!$H$3:$L$11,3,FALSE)),VLOOKUP($M21,'result messages'!$H$3:$L$11,3,FALSE),VLOOKUP($L21,'result messages'!$H$3:$L$11,3,FALSE))) -> Complete. | P21: =IF(ISBLANK($C21),"",IF(ISNA(VLOOKUP($L21,'result messages'!$H$3:$L$11,4,FALSE)),VLOOKUP($M21,'result messages'!$H$3:$L$11,4,FALSE),VLOOKUP($L21,'result messages'!$H$3:$L$11,4,FALSE))) -> - | Q21: =IF(ISBLANK($C21),"",IF(ISNA(VLOOKUP($L21,'result messages'!$H$3:$L$11,5,FALSE)),VLOOKUP($M21,'result messages'!$H$3:$L$11,5,FALSE),VLOOKUP($L21,'result messages'!$H$3:$L$11,5,FALSE))) -> -
A22: 19 | B22: 2d53b231-e2bb-4ef9-be86-72040b753871 | C22: BYC02892 | D22: PROD | E22: TRUE | F22: Process completed successfully | G22: =IF(ISNA(VLOOKUP($C22,'DTEN TCAP Linkage deviceId'!$A$1:$A$20000,1,FALSE)),"No","Yes") -> Yes | H22: =IF(ISNA(VLOOKUP($C22,'Provisioning Requester'!$F$3:$H$20000,2,FALSE)),"No","Yes") -> No | I22: =IF($H22="Yes",VLOOKUP($C22,'Provisioning Requester'!$F$3:$H$20000,3,FALSE),"-") -> - | J22: =IF(OR(D22="SVCP", E22="TRUE"), "No", IF(ISNA(VLOOKUP($C22,'ProvResponder deviceId'!$A$1:$A$20000,1,FALSE)),"No","Yes")) -> No | K22: =IF($J22="Yes",VLOOKUP($C22,'ProvResponder deviceId'!$A$1:$C$20000,3,FALSE),"-") -> - | L22: =IF(ISBLANK($C22),"",$D22&$E22&$G22&$H22&$I22&$J22&$K22) -> PRODTRUEYesNo-No- | M22: =IF(ISBLANK($C22),"",$D22&$E22&$G22&$H22&$I22&$J22&"other") -> PRODTRUEYesNo-Noother | N22: =IF(ISBLANK($C22),"",IF(ISNA(VLOOKUP($L22,'result messages'!$H$3:$L$11,2,FALSE)),VLOOKUP($M22,'result messages'!$H$3:$L$11,2,FALSE),VLOOKUP($L22,'result messages'!$H$3:$L$11,2,FALSE))) -> 異常なし。 | O22: =IF(ISBLANK($C22),"",IF(ISNA(VLOOKUP($L22,'result messages'!$H$3:$L$11,3,FALSE)),VLOOKUP($M22,'result messages'!$H$3:$L$11,3,FALSE),VLOOKUP($L22,'result messages'!$H$3:$L$11,3,FALSE))) -> Complete. | P22: =IF(ISBLANK($C22),"",IF(ISNA(VLOOKUP($L22,'result messages'!$H$3:$L$11,4,FALSE)),VLOOKUP($M22,'result messages'!$H$3:$L$11,4,FALSE),VLOOKUP($L22,'result messages'!$H$3:$L$11,4,FALSE))) -> - | Q22: =IF(ISBLANK($C22),"",IF(ISNA(VLOOKUP($L22,'result messages'!$H$3:$L$11,5,FALSE)),VLOOKUP($M22,'result messages'!$H$3:$L$11,5,FALSE),VLOOKUP($L22,'result messages'!$H$3:$L$11,5,FALSE))) -> -
A23: 20 | B23: 2d53b231-e2bb-4ef9-be86-72040b753871 | C23: B0203345 | D23: PROD | E23: TRUE | F23: Process completed successfully | G23: =IF(ISNA(VLOOKUP($C23,'DTEN TCAP Linkage deviceId'!$A$1:$A$20000,1,FALSE)),"No","Yes") -> Yes | H23: =IF(ISNA(VLOOKUP($C23,'Provisioning Requester'!$F$3:$H$20000,2,FALSE)),"No","Yes") -> No | I23: =IF($H23="Yes",VLOOKUP($C23,'Provisioning Requester'!$F$3:$H$20000,3,FALSE),"-") -> - | J23: =IF(OR(D23="SVCP", E23="TRUE"), "No", IF(ISNA(VLOOKUP($C23,'ProvResponder deviceId'!$A$1:$A$20000,1,FALSE)),"No","Yes")) -> No | K23: =IF($J23="Yes",VLOOKUP($C23,'ProvResponder deviceId'!$A$1:$C$20000,3,FALSE),"-") -> - | L23: =IF(ISBLANK($C23),"",$D23&$E23&$G23&$H23&$I23&$J23&$K23) -> PRODTRUEYesNo-No- | M23: =IF(ISBLANK($C23),"",$D23&$E23&$G23&$H23&$I23&$J23&"other") -> PRODTRUEYesNo-Noother | N23: =IF(ISBLANK($C23),"",IF(ISNA(VLOOKUP($L23,'result messages'!$H$3:$L$11,2,FALSE)),VLOOKUP($M23,'result messages'!$H$3:$L$11,2,FALSE),VLOOKUP($L23,'result messages'!$H$3:$L$11,2,FALSE))) -> 異常なし。 | O23: =IF(ISBLANK($C23),"",IF(ISNA(VLOOKUP($L23,'result messages'!$H$3:$L$11,3,FALSE)),VLOOKUP($M23,'result messages'!$H$3:$L$11,3,FALSE),VLOOKUP($L23,'result messages'!$H$3:$L$11,3,FALSE))) -> Complete. | P23: =IF(ISBLANK($C23),"",IF(ISNA(VLOOKUP($L23,'result messages'!$H$3:$L$11,4,FALSE)),VLOOKUP($M23,'result messages'!$H$3:$L$11,4,FALSE),VLOOKUP($L23,'result messages'!$H$3:$L$11,4,FALSE))) -> - | Q23: =IF(ISBLANK($C23),"",IF(ISNA(VLOOKUP($L23,'result messages'!$H$3:$L$11,5,FALSE)),VLOOKUP($M23,'result messages'!$H$3:$L$11,5,FALSE),VLOOKUP($L23,'result messages'!$H$3:$L$11,5,FALSE))) -> -
A24: 21 | B24: 2d53b231-e2bb-4ef9-be86-72040b753871 | C24: B0201140 | D24: PROD | E24: TRUE | F24: Process completed successfully | G24: =IF(ISNA(VLOOKUP($C24,'DTEN TCAP Linkage deviceId'!$A$1:$A$20000,1,FALSE)),"No","Yes") -> Yes | H24: =IF(ISNA(VLOOKUP($C24,'Provisioning Requester'!$F$3:$H$20000,2,FALSE)),"No","Yes") -> No | I24: =IF($H24="Yes",VLOOKUP($C24,'Provisioning Requester'!$F$3:$H$20000,3,FALSE),"-") -> - | J24: =IF(OR(D24="SVCP", E24="TRUE"), "No", IF(ISNA(VLOOKUP($C24,'ProvResponder deviceId'!$A$1:$A$20000,1,FALSE)),"No","Yes")) -> No | K24: =IF($J24="Yes",VLOOKUP($C24,'ProvResponder deviceId'!$A$1:$C$20000,3,FALSE),"-") -> - | L24: =IF(ISBLANK($C24),"",$D24&$E24&$G24&$H24&$I24&$J24&$K24) -> PRODTRUEYesNo-No- | M24: =IF(ISBLANK($C24),"",$D24&$E24&$G24&$H24&$I24&$J24&"other") -> PRODTRUEYesNo-Noother | N24: =IF(ISBLANK($C24),"",IF(ISNA(VLOOKUP($L24,'result messages'!$H$3:$L$11,2,FALSE)),VLOOKUP($M24,'result messages'!$H$3:$L$11,2,FALSE),VLOOKUP($L24,'result messages'!$H$3:$L$11,2,FALSE))) -> 異常なし。 | O24: =IF(ISBLANK($C24),"",IF(ISNA(VLOOKUP($L24,'result messages'!$H$3:$L$11,3,FALSE)),VLOOKUP($M24,'result messages'!$H$3:$L$11,3,FALSE),VLOOKUP($L24,'result messages'!$H$3:$L$11,3,FALSE))) -> Complete. | P24: =IF(ISBLANK($C24),"",IF(ISNA(VLOOKUP($L24,'result messages'!$H$3:$L$11,4,FALSE)),VLOOKUP($M24,'result messages'!$H$3:$L$11,4,FALSE),VLOOKUP($L24,'result messages'!$H$3:$L$11,4,FALSE))) -> - | Q24: =IF(ISBLANK($C24),"",IF(ISNA(VLOOKUP($L24,'result messages'!$H$3:$L$11,5,FALSE)),VLOOKUP($M24,'result messages'!$H$3:$L$11,5,FALSE),VLOOKUP($L24,'result messages'!$H$3:$L$11,5,FALSE))) -> -
A25: 22 | B25: 2d53b231-e2bb-4ef9-be86-72040b753871 | C25: B0201789 | D25: PROD | E25: TRUE | F25: Process completed successfully | G25: =IF(ISNA(VLOOKUP($C25,'DTEN TCAP Linkage deviceId'!$A$1:$A$20000,1,FALSE)),"No","Yes") -> Yes | H25: =IF(ISNA(VLOOKUP($C25,'Provisioning Requester'!$F$3:$H$20000,2,FALSE)),"No","Yes") -> No | I25: =IF($H25="Yes",VLOOKUP($C25,'Provisioning Requester'!$F$3:$H$20000,3,FALSE),"-") -> - | J25: =IF(OR(D25="SVCP", E25="TRUE"), "No", IF(ISNA(VLOOKUP($C25,'ProvResponder deviceId'!$A$1:$A$20000,1,FALSE)),"No","Yes")) -> No | K25: =IF($J25="Yes",VLOOKUP($C25,'ProvResponder deviceId'!$A$1:$C$20000,3,FALSE),"-") -> - | L25: =IF(ISBLANK($C25),"",$D25&$E25&$G25&$H25&$I25&$J25&$K25) -> PRODTRUEYesNo-No- | M25: =IF(ISBLANK($C25),"",$D25&$E25&$G25&$H25&$I25&$J25&"other") -> PRODTRUEYesNo-Noother | N25: =IF(ISBLANK($C25),"",IF(ISNA(VLOOKUP($L25,'result messages'!$H$3:$L$11,2,FALSE)),VLOOKUP($M25,'result messages'!$H$3:$L$11,2,FALSE),VLOOKUP($L25,'result messages'!$H$3:$L$11,2,FALSE))) -> 異常なし。 | O25: =IF(ISBLANK($C25),"",IF(ISNA(VLOOKUP($L25,'result messages'!$H$3:$L$11,3,FALSE)),VLOOKUP($M25,'result messages'!$H$3:$L$11,3,FALSE),VLOOKUP($L25,'result messages'!$H$3:$L$11,3,FALSE))) -> Complete. | P25: =IF(ISBLANK($C25),"",IF(ISNA(VLOOKUP($L25,'result messages'!$H$3:$L$11,4,FALSE)),VLOOKUP($M25,'result messages'!$H$3:$L$11,4,FALSE),VLOOKUP($L25,'result messages'!$H$3:$L$11,4,FALSE))) -> - | Q25: =IF(ISBLANK($C25),"",IF(ISNA(VLOOKUP($L25,'result messages'!$H$3:$L$11,5,FALSE)),VLOOKUP($M25,'result messages'!$H$3:$L$11,5,FALSE),VLOOKUP($L25,'result messages'!$H$3:$L$11,5,FALSE))) -> -
... A166: 163 | B166: 2d53b231-e2bb-4ef9-be86-72040b753871 | C166: B0203339 | D166: PROD | E166: TRUE | F166: Process completed successfully | G166: =IF(ISNA(VLOOKUP($C166,'DTEN TCAP Linkage deviceId'!$A$1:$A$20000,1,FALSE)),"No","Yes") -> Yes | H166: =IF(ISNA(VLOOKUP($C166,'Provisioning Requester'!$F$3:$H$20000,2,FALSE)),"No","Yes") -> No | I166: =IF($H166="Yes",VLOOKUP($C166,'Provisioning Requester'!$F$3:$H$20000,3,FALSE),"-") -> - | J166: =IF(OR(D166="SVCP", E166="TRUE"), "No", IF(ISNA(VLOOKUP($C166,'ProvResponder deviceId'!$A$1:$A$20000,1,FALSE)),"No","Yes")) -> No | K166: =IF($J166="Yes",VLOOKUP($C166,'ProvResponder deviceId'!$A$1:$C$20000,3,FALSE),"-") -> - | L166: =IF(ISBLANK($C166),"",$D166&$E166&$G166&$H166&$I166&$J166&$K166) -> PRODTRUEYesNo-No- | M166: =IF(ISBLANK($C166),"",$D166&$E166&$G166&$H166&$I166&$J166&"other") -> PRODTRUEYesNo-Noother | N166: =IF(ISBLANK($C166),"",IF(ISNA(VLOOKUP($L166,'result messages'!$H$3:$L$11,2,FALSE)),VLOOKUP($M166,'result messages'!$H$3:$L$11,2,FALSE),VLOOKUP($L166,'result messages'!$H$3:$L$11,2,FALSE))) -> 異常なし。 | O166: =IF(ISBLANK($C166),"",IF(ISNA(VLOOKUP($L166,'result messages'!$H$3:$L$11,3,FALSE)),VLOOKUP($M166,'result messages'!$H$3:$L$11,3,FALSE),VLOOKUP($L166,'result messages'!$H$3:$L$11,3,FALSE))) -> Complete. | P166: =IF(ISBLANK($C166),"",IF(ISNA(VLOOKUP($L166,'result messages'!$H$3:$L$11,4,FALSE)),VLOOKUP($M166,'result messages'!$H$3:$L$11,4,FALSE),VLOOKUP($L166,'result messages'!$H$3:$L$11,4,FALSE))) -> - | Q166: =IF(ISBLANK($C166),"",IF(ISNA(VLOOKUP($L166,'result messages'!$H$3:$L$11,5,FALSE)),VLOOKUP($M166,'result messages'!$H$3:$L$11,5,FALSE),VLOOKUP($L166,'result messages'!$H$3:$L$11,5,FALSE))) -> -
A167: 164 | G167: =IF(ISNA(VLOOKUP($C167,'DTEN TCAP Linkage deviceId'!$A$1:$A$20000,1,FALSE)),"No","Yes") -> No | H167: =IF(ISNA(VLOOKUP($C167,'Provisioning Requester'!$F$3:$H$20000,2,FALSE)),"No","Yes") -> No | I167: =IF($H167="Yes",VLOOKUP($C167,'Provisioning Requester'!$F$3:$H$20000,3,FALSE),"-") -> - | J167: =IF(OR(D167="SVCP", E167="TRUE"), "No", IF(ISNA(VLOOKUP($C167,'ProvResponder deviceId'!$A$1:$A$20000,1,FALSE)),"No","Yes")) -> No | K167: =IF($J167="Yes",VLOOKUP($C167,'ProvResponder deviceId'!$A$1:$C$20000,3,FALSE),"-") -> - | L167: =IF(ISBLANK($C167),"",$D167&$E167&$G167&$H167&$I167&$J167&$K167) | M167: =IF(ISBLANK($C167),"",$D167&$E167&$G167&$H167&$I167&$J167&"other") | N167: =IF(ISBLANK($C167),"",IF(ISNA(VLOOKUP($L167,'result messages'!$H$3:$L$11,2,FALSE)),VLOOKUP($M167,'result messages'!$H$3:$L$11,2,FALSE),VLOOKUP($L167,'result messages'!$H$3:$L$11,2,FALSE))) | O167: =IF(ISBLANK($C167),"",IF(ISNA(VLOOKUP($L167,'result messages'!$H$3:$L$11,3,FALSE)),VLOOKUP($M167,'result messages'!$H$3:$L$11,3,FALSE),VLOOKUP($L167,'result messages'!$H$3:$L$11,3,FALSE))) | P167: =IF(ISBLANK($C167),"",IF(ISNA(VLOOKUP($L167,'result messages'!$H$3:$L$11,4,FALSE)),VLOOKUP($M167,'result messages'!$H$3:$L$11,4,FALSE),VLOOKUP($L167,'result messages'!$H$3:$L$11,4,FALSE))) | Q167: =IF(ISBLANK($C167),"",IF(ISNA(VLOOKUP($L167,'result messages'!$H$3:$L$11,5,FALSE)),VLOOKUP($M167,'result messages'!$H$3:$L$11,5,FALSE),VLOOKUP($L167,'result messages'!$H$3:$L$11,5,FALSE)))
A168: 165 | G168: =IF(ISNA(VLOOKUP($C168,'DTEN TCAP Linkage deviceId'!$A$1:$A$20000,1,FALSE)),"No","Yes") -> No | H168: =IF(ISNA(VLOOKUP($C168,'Provisioning Requester'!$F$3:$H$20000,2,FALSE)),"No","Yes") -> No | I168: =IF($H168="Yes",VLOOKUP($C168,'Provisioning Requester'!$F$3:$H$20000,3,FALSE),"-") -> - | J168: =IF(OR(D168="SVCP", E168="TRUE"), "No", IF(ISNA(VLOOKUP($C168,'ProvResponder deviceId'!$A$1:$A$20000,1,FALSE)),"No","Yes")) -> No | K168: =IF($J168="Yes",VLOOKUP($C168,'ProvResponder deviceId'!$A$1:$C$20000,3,FALSE),"-") -> - | L168: =IF(ISBLANK($C168),"",$D168&$E168&$G168&$H168&$I168&$J168&$K168) | M168: =IF(ISBLANK($C168),"",$D168&$E168&$G168&$H168&$I168&$J168&"other") | N168: =IF(ISBLANK($C168),"",IF(ISNA(VLOOKUP($L168,'result messages'!$H$3:$L$11,2,FALSE)),VLOOKUP($M168,'result messages'!$H$3:$L$11,2,FALSE),VLOOKUP($L168,'result messages'!$H$3:$L$11,2,FALSE))) | O168: =IF(ISBLANK($C168),"",IF(ISNA(VLOOKUP($L168,'result messages'!$H$3:$L$11,3,FALSE)),VLOOKUP($M168,'result messages'!$H$3:$L$11,3,FALSE),VLOOKUP($L168,'result messages'!$H$3:$L$11,3,FALSE))) | P168: =IF(ISBLANK($C168),"",IF(ISNA(VLOOKUP($L168,'result messages'!$H$3:$L$11,4,FALSE)),VLOOKUP($M168,'result messages'!$H$3:$L$11,4,FALSE),VLOOKUP($L168,'result messages'!$H$3:$L$11,4,FALSE))) | Q168: =IF(ISBLANK($C168),"",IF(ISNA(VLOOKUP($L168,'result messages'!$H$3:$L$11,5,FALSE)),VLOOKUP($M168,'result messages'!$H$3:$L$11,5,FALSE),VLOOKUP($L168,'result messages'!$H$3:$L$11,5,FALSE)))
A169: 166 | G169: =IF(ISNA(VLOOKUP($C169,'DTEN TCAP Linkage deviceId'!$A$1:$A$20000,1,FALSE)),"No","Yes") -> No | H169: =IF(ISNA(VLOOKUP($C169,'Provisioning Requester'!$F$3:$H$20000,2,FALSE)),"No","Yes") -> No | I169: =IF($H169="Yes",VLOOKUP($C169,'Provisioning Requester'!$F$3:$H$20000,3,FALSE),"-") -> - | J169: =IF(OR(D169="SVCP", E169="TRUE"), "No", IF(ISNA(VLOOKUP($C169,'ProvResponder deviceId'!$A$1:$A$20000,1,FALSE)),"No","Yes")) -> No | K169: =IF($J169="Yes",VLOOKUP($C169,'ProvResponder deviceId'!$A$1:$C$20000,3,FALSE),"-") -> - | L169: =IF(ISBLANK($C169),"",$D169&$E169&$G169&$H169&$I169&$J169&$K169) | M169: =IF(ISBLANK($C169),"",$D169&$E169&$G169&$H169&$I169&$J169&"other") | N169: =IF(ISBLANK($C169),"",IF(ISNA(VLOOKUP($L169,'result messages'!$H$3:$L$11,2,FALSE)),VLOOKUP($M169,'result messages'!$H$3:$L$11,2,FALSE),VLOOKUP($L169,'result messages'!$H$3:$L$11,2,FALSE))) | O169: =IF(ISBLANK($C169),"",IF(ISNA(VLOOKUP($L169,'result messages'!$H$3:$L$11,3,FALSE)),VLOOKUP($M169,'result messages'!$H$3:$L$11,3,FALSE),VLOOKUP($L169,'result messages'!$H$3:$L$11,3,FALSE))) | P169: =IF(ISBLANK($C169),"",IF(ISNA(VLOOKUP($L169,'result messages'!$H$3:$L$11,4,FALSE)),VLOOKUP($M169,'result messages'!$H$3:$L$11,4,FALSE),VLOOKUP($L169,'result messages'!$H$3:$L$11,4,FALSE))) | Q169: =IF(ISBLANK($C169),"",IF(ISNA(VLOOKUP($L169,'result messages'!$H$3:$L$11,5,FALSE)),VLOOKUP($M169,'result messages'!$H$3:$L$11,5,FALSE),VLOOKUP($L169,'result messages'!$H$3:$L$11,5,FALSE)))
A170: 167 | G170: =IF(ISNA(VLOOKUP($C170,'DTEN TCAP Linkage deviceId'!$A$1:$A$20000,1,FALSE)),"No","Yes") -> No | H170: =IF(ISNA(VLOOKUP($C170,'Provisioning Requester'!$F$3:$H$20000,2,FALSE)),"No","Yes") -> No | I170: =IF($H170="Yes",VLOOKUP($C170,'Provisioning Requester'!$F$3:$H$20000,3,FALSE),"-") -> - | J170: =IF(OR(D170="SVCP", E170="TRUE"), "No", IF(ISNA(VLOOKUP($C170,'ProvResponder deviceId'!$A$1:$A$20000,1,FALSE)),"No","Yes")) -> No | K170: =IF($J170="Yes",VLOOKUP($C170,'ProvResponder deviceId'!$A$1:$C$20000,3,FALSE),"-") -> - | L170: =IF(ISBLANK($C170),"",$D170&$E170&$G170&$H170&$I170&$J170&$K170) | M170: =IF(ISBLANK($C170),"",$D170&$E170&$G170&$H170&$I170&$J170&"other") | N170: =IF(ISBLANK($C170),"",IF(ISNA(VLOOKUP($L170,'result messages'!$H$3:$L$11,2,FALSE)),VLOOKUP($M170,'result messages'!$H$3:$L$11,2,FALSE),VLOOKUP($L170,'result messages'!$H$3:$L$11,2,FALSE))) | O170: =IF(ISBLANK($C170),"",IF(ISNA(VLOOKUP($L170,'result messages'!$H$3:$L$11,3,FALSE)),VLOOKUP($M170,'result messages'!$H$3:$L$11,3,FALSE),VLOOKUP($L170,'result messages'!$H$3:$L$11,3,FALSE))) | P170: =IF(ISBLANK($C170),"",IF(ISNA(VLOOKUP($L170,'result messages'!$H$3:$L$11,4,FALSE)),VLOOKUP($M170,'result messages'!$H$3:$L$11,4,FALSE),VLOOKUP($L170,'result messages'!$H$3:$L$11,4,FALSE))) | Q170: =IF(ISBLANK($C170),"",IF(ISNA(VLOOKUP($L170,'result messages'!$H$3:$L$11,5,FALSE)),VLOOKUP($M170,'result messages'!$H$3:$L$11,5,FALSE),VLOOKUP($L170,'result messages'!$H$3:$L$11,5,FALSE)))
A171: 168 | G171: =IF(ISNA(VLOOKUP($C171,'DTEN TCAP Linkage deviceId'!$A$1:$A$20000,1,FALSE)),"No","Yes") -> No | H171: =IF(ISNA(VLOOKUP($C171,'Provisioning Requester'!$F$3:$H$20000,2,FALSE)),"No","Yes") -> No | I171: =IF($H171="Yes",VLOOKUP($C171,'Provisioning Requester'!$F$3:$H$20000,3,FALSE),"-") -> - | J171: =IF(OR(D171="SVCP", E171="TRUE"), "No", IF(ISNA(VLOOKUP($C171,'ProvResponder deviceId'!$A$1:$A$20000,1,FALSE)),"No","Yes")) -> No | K171: =IF($J171="Yes",VLOOKUP($C171,'ProvResponder deviceId'!$A$1:$C$20000,3,FALSE),"-") -> - | L171: =IF(ISBLANK($C171),"",$D171&$E171&$G171&$H171&$I171&$J171&$K171) | M171: =IF(ISBLANK($C171),"",$D171&$E171&$G171&$H171&$I171&$J171&"other") | N171: =IF(ISBLANK($C171),"",IF(ISNA(VLOOKUP($L171,'result messages'!$H$3:$L$11,2,FALSE)),VLOOKUP($M171,'result messages'!$H$3:$L$11,2,FALSE),VLOOKUP($L171,'result messages'!$H$3:$L$11,2,FALSE))) | O171: =IF(ISBLANK($C171),"",IF(ISNA(VLOOKUP($L171,'result messages'!$H$3:$L$11,3,FALSE)),VLOOKUP($M171,'result messages'!$H$3:$L$11,3,FALSE),VLOOKUP($L171,'result messages'!$H$3:$L$11,3,FALSE))) | P171: =IF(ISBLANK($C171),"",IF(ISNA(VLOOKUP($L171,'result messages'!$H$3:$L$11,4,FALSE)),VLOOKUP($M171,'result messages'!$H$3:$L$11,4,FALSE),VLOOKUP($L171,'result messages'!$H$3:$L$11,4,FALSE))) | Q171: =IF(ISBLANK($C171),"",IF(ISNA(VLOOKUP($L171,'result messages'!$H$3:$L$11,5,FALSE)),VLOOKUP($M171,'result messages'!$H$3:$L$11,5,FALSE),VLOOKUP($L171,'result messages'!$H$3:$L$11,5,FALSE)))
A172: 169 | G172: =IF(ISNA(VLOOKUP($C172,'DTEN TCAP Linkage deviceId'!$A$1:$A$20000,1,FALSE)),"No","Yes") -> No | H172: =IF(ISNA(VLOOKUP($C172,'Provisioning Requester'!$F$3:$H$20000,2,FALSE)),"No","Yes") -> No | I172: =IF($H172="Yes",VLOOKUP($C172,'Provisioning Requester'!$F$3:$H$20000,3,FALSE),"-") -> - | J172: =IF(OR(D172="SVCP", E172="TRUE"), "No", IF(ISNA(VLOOKUP($C172,'ProvResponder deviceId'!$A$1:$A$20000,1,FALSE)),"No","Yes")) -> No | K172: =IF($J172="Yes",VLOOKUP($C172,'ProvResponder deviceId'!$A$1:$C$20000,3,FALSE),"-") -> - | L172: =IF(ISBLANK($C172),"",$D172&$E172&$G172&$H172&$I172&$J172&$K172) | M172: =IF(ISBLANK($C172),"",$D172&$E172&$G172&$H172&$I172&$J172&"other") | N172: =IF(ISBLANK($C172),"",IF(ISNA(VLOOKUP($L172,'result messages'!$H$3:$L$11,2,FALSE)),VLOOKUP($M172,'result messages'!$H$3:$L$11,2,FALSE),VLOOKUP($L172,'result messages'!$H$3:$L$11,2,FALSE))) | O172: =IF(ISBLANK($C172),"",IF(ISNA(VLOOKUP($L172,'result messages'!$H$3:$L$11,3,FALSE)),VLOOKUP($M172,'result messages'!$H$3:$L$11,3,FALSE),VLOOKUP($L172,'result messages'!$H$3:$L$11,3,FALSE))) | P172: =IF(ISBLANK($C172),"",IF(ISNA(VLOOKUP($L172,'result messages'!$H$3:$L$11,4,FALSE)),VLOOKUP($M172,'result messages'!$H$3:$L$11,4,FALSE),VLOOKUP($L172,'result messages'!$H$3:$L$11,4,FALSE))) | Q172: =IF(ISBLANK($C172),"",IF(ISNA(VLOOKUP($L172,'result messages'!$H$3:$L$11,5,FALSE)),VLOOKUP($M172,'result messages'!$H$3:$L$11,5,FALSE),VLOOKUP($L172,'result messages'!$H$3:$L$11,5,FALSE)))
A173: 170 | G173: =IF(ISNA(VLOOKUP($C173,'DTEN TCAP Linkage deviceId'!$A$1:$A$20000,1,FALSE)),"No","Yes") -> No | H173: =IF(ISNA(VLOOKUP($C173,'Provisioning Requester'!$F$3:$H$20000,2,FALSE)),"No","Yes") -> No | I173: =IF($H173="Yes",VLOOKUP($C173,'Provisioning Requester'!$F$3:$H$20000,3,FALSE),"-") -> - | J173: =IF(OR(D173="SVCP", E173="TRUE"), "No", IF(ISNA(VLOOKUP($C173,'ProvResponder deviceId'!$A$1:$A$20000,1,FALSE)),"No","Yes")) -> No | K173: =IF($J173="Yes",VLOOKUP($C173,'ProvResponder deviceId'!$A$1:$C$20000,3,FALSE),"-") -> - | L173: =IF(ISBLANK($C173),"",$D173&$E173&$G173&$H173&$I173&$J173&$K173) | M173: =IF(ISBLANK($C173),"",$D173&$E173&$G173&$H173&$I173&$J173&"other") | N173: =IF(ISBLANK($C173),"",IF(ISNA(VLOOKUP($L173,'result messages'!$H$3:$L$11,2,FALSE)),VLOOKUP($M173,'result messages'!$H$3:$L$11,2,FALSE),VLOOKUP($L173,'result messages'!$H$3:$L$11,2,FALSE))) | O173: =IF(ISBLANK($C173),"",IF(ISNA(VLOOKUP($L173,'result messages'!$H$3:$L$11,3,FALSE)),VLOOKUP($M173,'result messages'!$H$3:$L$11,3,FALSE),VLOOKUP($L173,'result messages'!$H$3:$L$11,3,FALSE))) | P173: =IF(ISBLANK($C173),"",IF(ISNA(VLOOKUP($L173,'result messages'!$H$3:$L$11,4,FALSE)),VLOOKUP($M173,'result messages'!$H$3:$L$11,4,FALSE),VLOOKUP($L173,'result messages'!$H$3:$L$11,4,FALSE))) | Q173: =IF(ISBLANK($C173),"",IF(ISNA(VLOOKUP($L173,'result messages'!$H$3:$L$11,5,FALSE)),VLOOKUP($M173,'result messages'!$H$3:$L$11,5,FALSE),VLOOKUP($L173,'result messages'!$H$3:$L$11,5,FALSE)))
A174: 171 | G174: =IF(ISNA(VLOOKUP($C174,'DTEN TCAP Linkage deviceId'!$A$1:$A$20000,1,FALSE)),"No","Yes") -> No | H174: =IF(ISNA(VLOOKUP($C174,'Provisioning Requester'!$F$3:$H$20000,2,FALSE)),"No","Yes") -> No | I174: =IF($H174="Yes",VLOOKUP($C174,'Provisioning Requester'!$F$3:$H$20000,3,FALSE),"-") -> - | J174: =IF(OR(D174="SVCP", E174="TRUE"), "No", IF(ISNA(VLOOKUP($C174,'ProvResponder deviceId'!$A$1:$A$20000,1,FALSE)),"No","Yes")) -> No | K174: =IF($J174="Yes",VLOOKUP($C174,'ProvResponder deviceId'!$A$1:$C$20000,3,FALSE),"-") -> - | L174: =IF(ISBLANK($C174),"",$D174&$E174&$G174&$H174&$I174&$J174&$K174) | M174: =IF(ISBLANK($C174),"",$D174&$E174&$G174&$H174&$I174&$J174&"other") | N174: =IF(ISBLANK($C174),"",IF(ISNA(VLOOKUP($L174,'result messages'!$H$3:$L$11,2,FALSE)),VLOOKUP($M174,'result messages'!$H$3:$L$11,2,FALSE),VLOOKUP($L174,'result messages'!$H$3:$L$11,2,FALSE))) | O174: =IF(ISBLANK($C174),"",IF(ISNA(VLOOKUP($L174,'result messages'!$H$3:$L$11,3,FALSE)),VLOOKUP($M174,'result messages'!$H$3:$L$11,3,FALSE),VLOOKUP($L174,'result messages'!$H$3:$L$11,3,FALSE))) | P174: =IF(ISBLANK($C174),"",IF(ISNA(VLOOKUP($L174,'result messages'!$H$3:$L$11,4,FALSE)),VLOOKUP($M174,'result messages'!$H$3:$L$11,4,FALSE),VLOOKUP($L174,'result messages'!$H$3:$L$11,4,FALSE))) | Q174: =IF(ISBLANK($C174),"",IF(ISNA(VLOOKUP($L174,'result messages'!$H$3:$L$11,5,FALSE)),VLOOKUP($M174,'result messages'!$H$3:$L$11,5,FALSE),VLOOKUP($L174,'result messages'!$H$3:$L$11,5,FALSE)))
A175: 172 | G175: =IF(ISNA(VLOOKUP($C175,'DTEN TCAP Linkage deviceId'!$A$1:$A$20000,1,FALSE)),"No","Yes") -> No | H175: =IF(ISNA(VLOOKUP($C175,'Provisioning Requester'!$F$3:$H$20000,2,FALSE)),"No","Yes") -> No | I175: =IF($H175="Yes",VLOOKUP($C175,'Provisioning Requester'!$F$3:$H$20000,3,FALSE),"-") -> - | J175: =IF(OR(D175="SVCP", E175="TRUE"), "No", IF(ISNA(VLOOKUP($C175,'ProvResponder deviceId'!$A$1:$A$20000,1,FALSE)),"No","Yes")) -> No | K175: =IF($J175="Yes",VLOOKUP($C175,'ProvResponder deviceId'!$A$1:$C$20000,3,FALSE),"-") -> - | L175: =IF(ISBLANK($C175),"",$D175&$E175&$G175&$H175&$I175&$J175&$K175) | M175: =IF(ISBLANK($C175),"",$D175&$E175&$G175&$H175&$I175&$J175&"other") | N175: =IF(ISBLANK($C175),"",IF(ISNA(VLOOKUP($L175,'result messages'!$H$3:$L$11,2,FALSE)),VLOOKUP($M175,'result messages'!$H$3:$L$11,2,FALSE),VLOOKUP($L175,'result messages'!$H$3:$L$11,2,FALSE))) | O175: =IF(ISBLANK($C175),"",IF(ISNA(VLOOKUP($L175,'result messages'!$H$3:$L$11,3,FALSE)),VLOOKUP($M175,'result messages'!$H$3:$L$11,3,FALSE),VLOOKUP($L175,'result messages'!$H$3:$L$11,3,FALSE))) | P175: =IF(ISBLANK($C175),"",IF(ISNA(VLOOKUP($L175,'result messages'!$H$3:$L$11,4,FALSE)),VLOOKUP($M175,'result messages'!$H$3:$L$11,4,FALSE),VLOOKUP($L175,'result messages'!$H$3:$L$11,4,FALSE))) | Q175: =IF(ISBLANK($C175),"",IF(ISNA(VLOOKUP($L175,'result messages'!$H$3:$L$11,5,FALSE)),VLOOKUP($M175,'result messages'!$H$3:$L$11,5,FALSE),VLOOKUP($L175,'result messages'!$H$3:$L$11,5,FALSE)))
A176: 173 | G176: =IF(ISNA(VLOOKUP($C176,'DTEN TCAP Linkage deviceId'!$A$1:$A$20000,1,FALSE)),"No","Yes") -> No | H176: =IF(ISNA(VLOOKUP($C176,'Provisioning Requester'!$F$3:$H$20000,2,FALSE)),"No","Yes") -> No | I176: =IF($H176="Yes",VLOOKUP($C176,'Provisioning Requester'!$F$3:$H$20000,3,FALSE),"-") -> - | J176: =IF(OR(D176="SVCP", E176="TRUE"), "No", IF(ISNA(VLOOKUP($C176,'ProvResponder deviceId'!$A$1:$A$20000,1,FALSE)),"No","Yes")) -> No | K176: =IF($J176="Yes",VLOOKUP($C176,'ProvResponder deviceId'!$A$1:$C$20000,3,FALSE),"-") -> - | L176: =IF(ISBLANK($C176),"",$D176&$E176&$G176&$H176&$I176&$J176&$K176) | M176: =IF(ISBLANK($C176),"",$D176&$E176&$G176&$H176&$I176&$J176&"other") | N176: =IF(ISBLANK($C176),"",IF(ISNA(VLOOKUP($L176,'result messages'!$H$3:$L$11,2,FALSE)),VLOOKUP($M176,'result messages'!$H$3:$L$11,2,FALSE),VLOOKUP($L176,'result messages'!$H$3:$L$11,2,FALSE))) | O176: =IF(ISBLANK($C176),"",IF(ISNA(VLOOKUP($L176,'result messages'!$H$3:$L$11,3,FALSE)),VLOOKUP($M176,'result messages'!$H$3:$L$11,3,FALSE),VLOOKUP($L176,'result messages'!$H$3:$L$11,3,FALSE))) | P176: =IF(ISBLANK($C176),"",IF(ISNA(VLOOKUP($L176,'result messages'!$H$3:$L$11,4,FALSE)),VLOOKUP($M176,'result messages'!$H$3:$L$11,4,FALSE),VLOOKUP($L176,'result messages'!$H$3:$L$11,4,FALSE))) | Q176: =IF(ISBLANK($C176),"",IF(ISNA(VLOOKUP($L176,'result messages'!$H$3:$L$11,5,FALSE)),VLOOKUP($M176,'result messages'!$H$3:$L$11,5,FALSE),VLOOKUP($L176,'result messages'!$H$3:$L$11,5,FALSE)))
A177: 174 | G177: =IF(ISNA(VLOOKUP($C177,'DTEN TCAP Linkage deviceId'!$A$1:$A$20000,1,FALSE)),"No","Yes") -> No | H177: =IF(ISNA(VLOOKUP($C177,'Provisioning Requester'!$F$3:$H$20000,2,FALSE)),"No","Yes") -> No | I177: =IF($H177="Yes",VLOOKUP($C177,'Provisioning Requester'!$F$3:$H$20000,3,FALSE),"-") -> - | J177: =IF(OR(D177="SVCP", E177="TRUE"), "No", IF(ISNA(VLOOKUP($C177,'ProvResponder deviceId'!$A$1:$A$20000,1,FALSE)),"No","Yes")) -> No | K177: =IF($J177="Yes",VLOOKUP($C177,'ProvResponder deviceId'!$A$1:$C$20000,3,FALSE),"-") -> - | L177: =IF(ISBLANK($C177),"",$D177&$E177&$G177&$H177&$I177&$J177&$K177) | M177: =IF(ISBLANK($C177),"",$D177&$E177&$G177&$H177&$I177&$J177&"other") | N177: =IF(ISBLANK($C177),"",IF(ISNA(VLOOKUP($L177,'result messages'!$H$3:$L$11,2,FALSE)),VLOOKUP($M177,'result messages'!$H$3:$L$11,2,FALSE),VLOOKUP($L177,'result messages'!$H$3:$L$11,2,FALSE))) | O177: =IF(ISBLANK($C177),"",IF(ISNA(VLOOKUP($L177,'result messages'!$H$3:$L$11,3,FALSE)),VLOOKUP($M177,'result messages'!$H$3:$L$11,3,FALSE),VLOOKUP($L177,'result messages'!$H$3:$L$11,3,FALSE))) | P177: =IF(ISBLANK($C177),"",IF(ISNA(VLOOKUP($L177,'result messages'!$H$3:$L$11,4,FALSE)),VLOOKUP($M177,'result messages'!$H$3:$L$11,4,FALSE),VLOOKUP($L177,'result messages'!$H$3:$L$11,4,FALSE))) | Q177: =IF(ISBLANK($C177),"",IF(ISNA(VLOOKUP($L177,'result messages'!$H$3:$L$11,5,FALSE)),VLOOKUP($M177,'result messages'!$H$3:$L$11,5,FALSE),VLOOKUP($L177,'result messages'!$H$3:$L$11,5,FALSE)))
A178: 175 | G178: =IF(ISNA(VLOOKUP($C178,'DTEN TCAP Linkage deviceId'!$A$1:$A$20000,1,FALSE)),"No","Yes") -> No | H178: =IF(ISNA(VLOOKUP($C178,'Provisioning Requester'!$F$3:$H$20000,2,FALSE)),"No","Yes") -> No | I178: =IF($H178="Yes",VLOOKUP($C178,'Provisioning Requester'!$F$3:$H$20000,3,FALSE),"-") -> - | J178: =IF(OR(D178="SVCP", E178="TRUE"), "No", IF(ISNA(VLOOKUP($C178,'ProvResponder deviceId'!$A$1:$A$20000,1,FALSE)),"No","Yes")) -> No | K178: =IF($J178="Yes",VLOOKUP($C178,'ProvResponder deviceId'!$A$1:$C$20000,3,FALSE),"-") -> - | L178: =IF(ISBLANK($C178),"",$D178&$E178&$G178&$H178&$I178&$J178&$K178) | M178: =IF(ISBLANK($C178),"",$D178&$E178&$G178&$H178&$I178&$J178&"other") | N178: =IF(ISBLANK($C178),"",IF(ISNA(VLOOKUP($L178,'result messages'!$H$3:$L$11,2,FALSE)),VLOOKUP($M178,'result messages'!$H$3:$L$11,2,FALSE),VLOOKUP($L178,'result messages'!$H$3:$L$11,2,FALSE))) | O178: =IF(ISBLANK($C178),"",IF(ISNA(VLOOKUP($L178,'result messages'!$H$3:$L$11,3,FALSE)),VLOOKUP($M178,'result messages'!$H$3:$L$11,3,FALSE),VLOOKUP($L178,'result messages'!$H$3:$L$11,3,FALSE))) | P178: =IF(ISBLANK($C178),"",IF(ISNA(VLOOKUP($L178,'result messages'!$H$3:$L$11,4,FALSE)),VLOOKUP($M178,'result messages'!$H$3:$L$11,4,FALSE),VLOOKUP($L178,'result messages'!$H$3:$L$11,4,FALSE))) | Q178: =IF(ISBLANK($C178),"",IF(ISNA(VLOOKUP($L178,'result messages'!$H$3:$L$11,5,FALSE)),VLOOKUP($M178,'result messages'!$H$3:$L$11,5,FALSE),VLOOKUP($L178,'result messages'!$H$3:$L$11,5,FALSE)))
... A10059: 10056 | G10059: =IF(ISNA(VLOOKUP($C10059,'DTEN TCAP Linkage deviceId'!$A$1:$A$20000,1,FALSE)),"No","Yes") -> No | H10059: =IF(ISNA(VLOOKUP($C10059,'Provisioning Requester'!$F$3:$H$20000,2,FALSE)),"No","Yes") -> No | I10059: =IF($H10059="Yes",VLOOKUP($C10059,'Provisioning Requester'!$F$3:$H$20000,3,FALSE),"-") -> - | J10059: =IF(OR(D10059="SVCP", E10059="TRUE"), "No", IF(ISNA(VLOOKUP($C10059,'ProvResponder deviceId'!$A$1:$A$20000,1,FALSE)),"No","Yes")) -> No | K10059: =IF($J10059="Yes",VLOOKUP($C10059,'ProvResponder deviceId'!$A$1:$C$20000,3,FALSE),"-") -> - | L10059: =IF(ISBLANK($C10059),"",$D10059&$E10059&$G10059&$H10059&$I10059&$J10059&$K10059) | M10059: =IF(ISBLANK($C10059),"",$D10059&$E10059&$G10059&$H10059&$I10059&$J10059&"other") | N10059: =IF(ISBLANK($C10059),"",IF(ISNA(VLOOKUP($L10059,'result messages'!$H$3:$L$11,2,FALSE)),VLOOKUP($M10059,'result messages'!$H$3:$L$11,2,FALSE),VLOOKUP($L10059,'result messages'!$H$3:$L$11,2,FALSE))) | O10059: =IF(ISBLANK($C10059),"",IF(ISNA(VLOOKUP($L10059,'result messages'!$H$3:$L$11,3,FALSE)),VLOOKUP($M10059,'result messages'!$H$3:$L$11,3,FALSE),VLOOKUP($L10059,'result messages'!$H$3:$L$11,3,FALSE))) | P10059: =IF(ISBLANK($C10059),"",IF(ISNA(VLOOKUP($L10059,'result messages'!$H$3:$L$11,4,FALSE)),VLOOKUP($M10059,'result messages'!$H$3:$L$11,4,FALSE),VLOOKUP($L10059,'result messages'!$H$3:$L$11,4,FALSE))) | Q10059: =IF(ISBLANK($C10059),"",IF(ISNA(VLOOKUP($L10059,'result messages'!$H$3:$L$11,5,FALSE)),VLOOKUP($M10059,'result messages'!$H$3:$L$11,5,FALSE),VLOOKUP($L10059,'result messages'!$H$3:$L$11,5,FALSE)))

Sheet result messages
A1: DTENLinkage | C1: DTENTCAPLinkage | D1: ProvisioningRequester | F1: ProvisioningResponder | H1: tmp | I1: remarks | K1: recovery
A2: Prostatus | B2: Carrier | C2: sent to TCAP Cloud | D2: sent to AIS | E2: Result | F2: received from AIS | G2: Result | I2: japanese | J2: english | K2: japanese | L2: english
A3: PROD | B3: AIS | C3: Yes | D3: Yes | E3: Success | F3: Yes | G3: Success | H3: =$A3&$B3&$C3&$D3&$E3&$F3&$G3 -> PRODAISYesYesSuccessYesSuccess | I3: 異常なし。 | J3: Complete. | K3: - | L3: -
A4: PROD | B4: AIS | C4: Yes | D4: Yes | E4: Success | F4: Yes | G4: Failed: subscriptionPackageChange(1) ERICDCP: codeNS:ErrSameSubPack Proposed Subscription Package cannot be the same as current subscription package; 50023 could not be processed. | H4: =$A4&$B4&$C4&$D4&$E4&$F4&$G4 -> PRODAISYesYesSuccessYesFailed: subscriptionPackageChange(1) ERICDCP: codeNS:ErrSameSubPack Proposed Subscription Package cannot be the same as current subscription package; 50023 could not be processed. | I4: Provisioning 済みの ICCID と思われる。 | J4: Maybe provisioned ICCID. | K4: LDCMID 及び ICCID を再確認し、DTEN から再送してもらう。 | L4: Check the LDCMID and the ICCID. Retry Linkage IF.
A5: PROD | B5: AIS | C5: Yes | D5: Yes | E5: Success | F5: No | G5: - | H5: =$A5&$B5&$C5&$D5&$E5&$F5&$G5 -> PRODAISYesYesSuccessNo- | I5: AIS から Provisioning 結果が届いていない。 | J5: Do not receive message from AIS. | K5: AIS に確認が必要。 | L5: Ask AIS to check the request.
A6: PROD | B6: AIS | C6: Yes | D6: Yes | E6: AIS IF connection failed. | F6: No | G6: - | H6: =$A6&$B6&$C6&$D6&$E6&$F6&$G6 -> PRODAISYesYesAIS IF connection failed.No- | I6: Provisioning 実行時に AIS へアクセスできなかった。 | J6: Can not access AIS IF. | K6: DTENTCAPLinkage を再実行する。 | L6: Retry DTENTCAPLinkage.
A7: PROD | B7: AIS | C7: Yes | D7: Yes | E7: Success | F7: Yes | G7: other | H7: =$A7&$B7&$C7&$D7&$E7&$F7&$G7 -> PRODAISYesYesSuccessYesother | I7: AIS でエラーが発生している。原因不明。 | J7: An error occurred in AIS. Cause unknown. | K7: AIS にエラー発生原因を確認の上、DTEN から再送してもらう。 | L7: Ask AIS to check the cause of the error, and have DTEN resend it.
A8: SVCP | B8: AIS | C8: Yes | D8: No | E8: - | F8: No | G8: - | H8: =$A8&$B8&$C8&$D8&$E8&$F8&$G8 -> SVCPAISYesNo-No- | I8: 異常なし。 | J8: Complete. | K8: - | L8: -
A9: PROD | B9: TRUE | C9: Yes | D9: No | E9: - | F9: No | G9: - | H9: =$A9&$B9&$C9&$D9&$E9&$F9&$G9 -> PRODTRUEYesNo-No- | I9: 異常なし。 | J9: Complete. | K9: - | L9: -
A10: SVCP | B10: TRUE | C10: Yes | D10: No | E10: - | F10: No | G10: - | H10: =$A10&$B10&$C10&$D10&$E10&$F10&$G10 -> SVCPTRUEYesNo-No- | I10: 異常なし。 | J10: Complete. | K10: - | L10: -
A11: PROD | B11: AIS | C11: Yes | D11: Yes | E11: (HTTPStatus: 503) | F11: No | G11: - | H11: =$A11&$B11&$C11&$D11&$E11&$F11&$G11 -> PRODAISYesYes(HTTPStatus: 503)No- | I11: AIS でエラーが発生している。原因不明。 | J11: An error occurred in AIS. Cause unknown. | K11: AIS にエラー発生原因を確認の上、DTEN から再送してもらう。 | L11: Ask AIS to check the cause of the error, and have DTEN resend it.
